$version Generated by Wokwi.com $end
$date Fri, 09 Oct 2026 00:05:34 GMT $end
$timescale 1ns $end
$scope module logic $end
$var wire 1 ! D0 $end
$var wire 1 " D1 $end
$upscope $end
$enddefinitions $end
#0
0!
#0
0"
#1081375
1!
#1185375
0!
#2105375
1!
#2209375
0!
#3129375
1!
#3233375
0!
#4153375
1!
#4257375
0!
#5177375
1!
#5281375
0!
#6201375
1!
#6305375
0!
#7225375
1!
#7329375
0!
#8249375
1!
#8353375
0!
#9273375
1!
#9377375
0!
#10297375
1!
#10401375
0!
#11321375
1!
#11425375
0!
#12345375
1!
#12449375
0!
#13369375
1!
#13473375
0!
#14393375
1!
#14497375
0!
#15417375
1!
#15521375
0!
#16441375
1!
#16545375
0!
#17465375
1!
#17569375
0!
#18489375
1!
#18593375
0!
#19513375
1!
#19617375
0!
#20537375
1!
#20641375
0!
#21561375
1!
#21665375
0!
#22585375
1!
#22689375
0!
#23609375
1!
#23713375
0!
#24633375
1!
#24737375
0!
#25657375
1!
#25761375
0!
#26681375
1!
#26785375
0!
#27705375
1!
#27809375
0!
#28729375
1!
#28833375
0!
#29753375
1!
#29857375
0!
#30777375
1!
#30881375
0!
#31801375
1!
#31905375
0!
#32825374
1!
#32929374
0!
#33849375
1!
#33953375
0!
#34873375
1!
#34977375
0!
#35897375
1!
#36001375
0!
#36921375
1!
#37025375
0!
#37945375
1!
#38049375
0!
#38559687
1"
#38969375
1!
#39073375
0!
#39993375
1!
#40097375
0!
#41017375
1!
#41121375
0!
#42041375
1!
#42145375
0!
#43065375
1!
#43169375
0!
#44089375
1!
#44193375
0!
#45113375
1!
#45217375
0!
#46137375
1!
#46241375
0!
#47161375
1!
#47265375
0!
#48185375
1!
#48289375
0!
#49209375
1!
#49313375
0!
#50233375
1!
#50337375
0!
#51257375
1!
#51361375
0!
#52281375
1!
#52385375
0!
#53305375
1!
#53409375
0!
#54329375
1!
#54433375
0!
#55353375
1!
#55457375
0!
#56377375
1!
#56481375
0!
#57401375
1!
#57505375
0!
#58425375
1!
#58529375
0!
#59449375
1!
#59553375
0!
#60473375
1!
#60577375
0!
#61497375
1!
#61601375
0!
#62521375
1!
#62625375
0!
#63545375
1!
#63649374
0!
#64569375
1!
#64673375
0!
#65593374
1!
#65697375
0!
#66617375
1!
#66721375
0!
#67641375
1!
#67745375
0!
#68665375
1!
#68769375
0!
#69689375
1!
#69793375
0!
#70713375
1!
#70817375
0!
#71737375
1!
#71841375
0!
#72761375
1!
#72865375
0!
#73785375
1!
#73889375
0!
#74809375
1!
#74913375
0!
#75833375
1!
#75937375
0!
#76857375
1!
#76961375
0!
#77881375
1!
#77985375
0!
#78905375
1!
#79009375
0!
#79929375
1!
#80033375
0!
#80953375
1!
#81057375
0!
#81977375
1!
#82081375
0!
#83001375
1!
#83105375
0!
#84025375
1!
#84129375
0!
#85049375
1!
#85153375
0!
#86073375
1!
#86177375
0!
#87097375
1!
#87201375
0!
#88121375
1!
#88225375
0!
#89145375
1!
#89249375
0!
#90169375
1!
#90273375
0!
#91193375
1!
#91297375
0!
#92217375
1!
#92321375
0!
#93241375
1!
#93345375
0!
#94265375
1!
#94369375
0!
#95289375
1!
#95393375
0!
#96313375
1!
#96417375
0!
#97337375
1!
#97441375
0!
#98361375
1!
#98465375
0!
#99385375
1!
#99489375
0!
#100409375
1!
#100513375
0!
#101433375
1!
#101537375
0!
#102457375
1!
#102561375
0!
#103481375
1!
#103585375
0!
#104505375
1!
#104609375
0!
#105529375
1!
#105633375
0!
#106553375
1!
#106657375
0!
#107577375
1!
#107681375
0!
#108601375
1!
#108705375
0!
#109625375
1!
#109729375
0!
#110649375
1!
#110753375
0!
#111673375
1!
#111777375
0!
#112697375
1!
#112801375
0!
#113721375
1!
#113825375
0!
#114745375
1!
#114849375
0!
#115769375
1!
#115873375
0!
#116793375
1!
#116897375
0!
#117817375
1!
#117921375
0!
#118841375
1!
#118945375
0!
#119865375
1!
#119969375
0!
#120889375
1!
#120993375
0!
#121913375
1!
#122017375
0!
#122937375
1!
#123041375
0!
#123961375
1!
#124065375
0!
#124985375
1!
#125089375
0!
#126009375
1!
#126113375
0!
#127033375
1!
#127137375
0!
#128057375
1!
#128161375
0!
#129081375
1!
#129185374
0!
#130105375
1!
#130209374
0!
#131129374
1!
#131233375
0!
#132153374
1!
#132257375
0!
#133177374
1!
#133281375
0!
#134201375
1!
#134305375
0!
#135225375
1!
#135329375
0!
#136249375
1!
#136353375
0!
#137273375
1!
#137377375
0!
#138297375
1!
#138401375
0!
#139321375
1!
#139425375
0!
#140345375
1!
#140449375
0!
#141369375
1!
#141473375
0!
#142393375
1!
#142497375
0!
#143417375
1!
#143521375
0!
#144441375
1!
#144545375
0!
#145465375
1!
#145569375
0!
#146489375
1!
#146593375
0!
#147513375
1!
#147617375
0!
#148537375
1!
#148641375
0!
#149561375
1!
#149665375
0!
#150585375
1!
#150689375
0!
#151609375
1!
#151713375
0!
#152633375
1!
#152737375
0!
#153657375
1!
#153761375
0!
#154681375
1!
#154785375
0!
#155705375
1!
#155809375
0!
#156729375
1!
#156833375
0!
#157753375
1!
#157857375
0!
#158777375
1!
#158881375
0!
#159801375
1!
#159905375
0!
#160825375
1!
#160929375
0!
#161849375
1!
#161953375
0!
#162873375
1!
#162977375
0!
#163897375
1!
#164001375
0!
#164921375
1!
#165025375
0!
#165945375
1!
#166049375
0!
#166969375
1!
#167073375
0!
#167993375
1!
#168097375
0!
#169017375
1!
#169121375
0!
#170041375
1!
#170145375
0!
#171065375
1!
#171169375
0!
#172089375
1!
#172193375
0!
#173113375
1!
#173217375
0!
#174137375
1!
#174241375
0!
#175161375
1!
#175265375
0!
#176185375
1!
#176289375
0!
#177209375
1!
#177313375
0!
#178233375
1!
#178337375
0!
#179257375
1!
#179361375
0!
#180281375
1!
#180385375
0!
#181305375
1!
#181409375
0!
#182329375
1!
#182433375
0!
#183353375
1!
#183457375
0!
#184377375
1!
#184481375
0!
#185401375
1!
#185505375
0!
#186425375
1!
#186529375
0!
#187449375
1!
#187553375
0!
#188473375
1!
#188577375
0!
#189497375
1!
#189601375
0!
#190521375
1!
#190625375
0!
#191545375
1!
#191649375
0!
#192569375
1!
#192673375
0!
#193593375
1!
#193697375
0!
#194617375
1!
#194721375
0!
#195641375
1!
#195745375
0!
#196665375
1!
#196769375
0!
#197689375
1!
#197793375
0!
#198713375
1!
#198817375
0!
#199737375
1!
#199841375
0!
#200761375
1!
#200865375
0!
#201785375
1!
#201889375
0!
#202809375
1!
#202913375
0!
#203833375
1!
#203937375
0!
#204857375
1!
#204961375
0!
#205881375
1!
#205985375
0!
#206905375
1!
#207009375
0!
#207929375
1!
#208033375
0!
#208953375
1!
#209057375
0!
#209977375
1!
#210081375
0!
#211001375
1!
#211105375
0!
#212025375
1!
#212129375
0!
#213049375
1!
#213153375
0!
#214073375
1!
#214177375
0!
#215097375
1!
#215201375
0!
#216121375
1!
#216225375
0!
#217145375
1!
#217249375
0!
#218169375
1!
#218273375
0!
#219193375
1!
#219297375
0!
#220217375
1!
#220321375
0!
#221241375
1!
#221345375
0!
#222265375
1!
#222369375
0!
#223289375
1!
#223393375
0!
#224313375
1!
#224417375
0!
#225337375
1!
#225441375
0!
#226361375
1!
#226465375
0!
#227385375
1!
#227489375
0!
#228409375
1!
#228513375
0!
#229433375
1!
#229537375
0!
#230457375
1!
#230561375
0!
#231481375
1!
#231585375
0!
#232505375
1!
#232609375
0!
#233529375
1!
#233633375
0!
#234553375
1!
#234657375
0!
#235577375
1!
#235681375
0!
#236601375
1!
#236705375
0!
#237625375
1!
#237729375
0!
#238649375
1!
#238753375
0!
#239673375
1!
#239777375
0!
#240697375
1!
#240801375
0!
#241721375
1!
#241825375
0!
#242745375
1!
#242849375
0!
#243769375
1!
#243873375
0!
#244793375
1!
#244897375
0!
#245817375
1!
#245921375
0!
#246841375
1!
#246945375
0!
#247865375
1!
#247969375
0!
#248889375
1!
#248993375
0!
#249913375
1!
#250017375
0!
#250937375
1!
#251041375
0!
#251961375
1!
#252065374
0!
#252985375
1!
#253089375
0!
#254009374
1!
#254113374
0!
#255033375
1!
#255137375
0!
#256057374
1!
#256161375
0!
#257081375
1!
#257185375
0!
#258105375
1!
#258209375
0!
#259129375
1!
#259233375
0!
#260153375
1!
#260257375
0!
#261177375
1!
#261281374
0!
#262201375
1!
#262305375
0!
#263225374
1!
#263329374
0!
#264249375
1!
#264353375
0!
#265273374
1!
#265377375
0!
#266297375
1!
#266401375
0!
#267321375
1!
#267425375
0!
#268345375
1!
#268449375
0!
#269369375
1!
#269473375
0!
#270393375
1!
#270497375
0!
#271417375
1!
#271521375
0!
#272441375
1!
#272545375
0!
#273465375
1!
#273569375
0!
#274489375
1!
#274593375
0!
#275513375
1!
#275617375
0!
#276537375
1!
#276641375
0!
#277561375
1!
#277665375
0!
#278585375
1!
#278689375
0!
#279609375
1!
#279713375
0!
#280633375
1!
#280737375
0!
#281657375
1!
#281761375
0!
#282681375
1!
#282785375
0!
#283705375
1!
#283809375
0!
#284729375
1!
#284833375
0!
#285753375
1!
#285857375
0!
#286777375
1!
#286881375
0!
#287801375
1!
#287905375
0!
#288825375
1!
#288929375
0!
#289849375
1!
#289953375
0!
#290873375
1!
#290977375
0!
#291897375
1!
#292001375
0!
#292921375
1!
#293025375
0!
#293945375
1!
#294049375
0!
#294969375
1!
#295073375
0!
#295993375
1!
#296097375
0!
#297017375
1!
#297121375
0!
#298041375
1!
#298145375
0!
#299065375
1!
#299169375
0!
#300089375
1!
#300193375
0!
#301113375
1!
#301217375
0!
#302137375
1!
#302241375
0!
#303161375
1!
#303265375
0!
#304185375
1!
#304289375
0!
#305209375
1!
#305313375
0!
#306233375
1!
#306337375
0!
#307257375
1!
#307361375
0!
#308281375
1!
#308385375
0!
#309305375
1!
#309409375
0!
#310329375
1!
#310433375
0!
#311353375
1!
#311457375
0!
#312377375
1!
#312481375
0!
#313401375
1!
#313505375
0!
#314425375
1!
#314529375
0!
#315449375
1!
#315553375
0!
#316473375
1!
#316577375
0!
#317497375
1!
#317601375
0!
#318521375
1!
#318625375
0!
#319545375
1!
#319649375
0!
#320569375
1!
#320673375
0!
#321593375
1!
#321697375
0!
#322617375
1!
#322721375
0!
#323641375
1!
#323745375
0!
#324665375
1!
#324769375
0!
#325689375
1!
#325793375
0!
#326713375
1!
#326817375
0!
#327737375
1!
#327841375
0!
#328761375
1!
#328865375
0!
#329785375
1!
#329889375
0!
#330809375
1!
#330913375
0!
#331833375
1!
#331937375
0!
#332857375
1!
#332961375
0!
#333881375
1!
#333985375
0!
#334905375
1!
#335009375
0!
#335929375
1!
#336033375
0!
#336953375
1!
#337057375
0!
#337977375
1!
#338081375
0!
#339001375
1!
#339105375
0!
#340025375
1!
#340129375
0!
#341049375
1!
#341153375
0!
#342073375
1!
#342177375
0!
#343097375
1!
#343201375
0!
#344121375
1!
#344225375
0!
#345145375
1!
#345249375
0!
#346169375
1!
#346273375
0!
#347193375
1!
#347297375
0!
#348217375
1!
#348321375
0!
#349241375
1!
#349345375
0!
#350265375
1!
#350369375
0!
#351289375
1!
#351393375
0!
#352313375
1!
#352417375
0!
#353337375
1!
#353441375
0!
#354361375
1!
#354465375
0!
#355385375
1!
#355489375
0!
#356409375
1!
#356513375
0!
#357433375
1!
#357537375
0!
#358457375
1!
#358561375
0!
#359481375
1!
#359585375
0!
#360505375
1!
#360609375
0!
#361529375
1!
#361633375
0!
#362553375
1!
#362657375
0!
#363577375
1!
#363681375
0!
#364601375
1!
#364705375
0!
#365625375
1!
#365729375
0!
#366649375
1!
#366753375
0!
#367673375
1!
#367777375
0!
#368697375
1!
#368801375
0!
#369721375
1!
#369825375
0!
#370745375
1!
#370849375
0!
#371769375
1!
#371873375
0!
#372793375
1!
#372897375
0!
#373817375
1!
#373921375
0!
#374841375
1!
#374945375
0!
#375865375
1!
#375969375
0!
#376889375
1!
#376993375
0!
#377913375
1!
#378017375
0!
#378937375
1!
#379041375
0!
#379961375
1!
#380065375
0!
#380985375
1!
#381089375
0!
#382009375
1!
#382113375
0!
#383033375
1!
#383137375
0!
#384057375
1!
#384161375
0!
#385081375
1!
#385185375
0!
#386105375
1!
#386209375
0!
#387129375
1!
#387233375
0!
#388153375
1!
#388257375
0!
#389177375
1!
#389281375
0!
#390201375
1!
#390305375
0!
#391225375
1!
#391329375
0!
#392249375
1!
#392353375
0!
#393273375
1!
#393377375
0!
#394297375
1!
#394401375
0!
#395321375
1!
#395425375
0!
#396345375
1!
#396449375
0!
#397369375
1!
#397473375
0!
#398393375
1!
#398497375
0!
#399417375
1!
#399521375
0!
#400441375
1!
#400545375
0!
#401465375
1!
#401569375
0!
#402489375
1!
#402593375
0!
#403513375
1!
#403617375
0!
#404537375
1!
#404641375
0!
#405561375
1!
#405665375
0!
#406585375
1!
#406689375
0!
#407609375
1!
#407713375
0!
#408633375
1!
#408737375
0!
#409657375
1!
#409761375
0!
#410681375
1!
#410785375
0!
#411705375
1!
#411809375
0!
#412729375
1!
#412833375
0!
#413753375
1!
#413857375
0!
#414777375
1!
#414881375
0!
#415801375
1!
#415905375
0!
#416825375
1!
#416929375
0!
#417849375
1!
#417953375
0!
#418873375
1!
#418977375
0!
#419897375
1!
#420001375
0!
#420921375
1!
#421025375
0!
#421945375
1!
#422049375
0!
#422969375
1!
#423073375
0!
#423993375
1!
#424097375
0!
#425017375
1!
#425121375
0!
#426041375
1!
#426145375
0!
#427065375
1!
#427169375
0!
#428089375
1!
#428193375
0!
#429113375
1!
#429217375
0!
#430137375
1!
#430241375
0!
#431161375
1!
#431265375
0!
#432185375
1!
#432289375
0!
#433209375
1!
#433313375
0!
#434233375
1!
#434337375
0!
#435257375
1!
#435361375
0!
#436281375
1!
#436385375
0!
#437305375
1!
#437409375
0!
#438329375
1!
#438433375
0!
#439353375
1!
#439457375
0!
#440377375
1!
#440481375
0!
#441401375
1!
#441505375
0!
#442425375
1!
#442529375
0!
#443449375
1!
#443553375
0!
#444473375
1!
#444577375
0!
#445497375
1!
#445601375
0!
#446521375
1!
#446625375
0!
#447545375
1!
#447649375
0!
#448569375
1!
#448673375
0!
#449593375
1!
#449697375
0!
#450617375
1!
#450721375
0!
#451641375
1!
#451745375
0!
#452665375
1!
#452769375
0!
#453689375
1!
#453793375
0!
#454713375
1!
#454817375
0!
#455737375
1!
#455841375
0!
#456761375
1!
#456865375
0!
#457785375
1!
#457889375
0!
#458809375
1!
#458913375
0!
#459833375
1!
#459937375
0!
#460857375
1!
#460961375
0!
#461881375
1!
#461985375
0!
#462905375
1!
#463009375
0!
#463929375
1!
#464033375
0!
#464953375
1!
#465057375
0!
#465977375
1!
#466081375
0!
#467001375
1!
#467105375
0!
#468025375
1!
#468129375
0!
#469049375
1!
#469153375
0!
#470073375
1!
#470177375
0!
#471097375
1!
#471201375
0!
#472121375
1!
#472225375
0!
#473145375
1!
#473249375
0!
#474169375
1!
#474273375
0!
#475193375
1!
#475297375
0!
#476217375
1!
#476321375
0!
#477241375
1!
#477345375
0!
#478265375
1!
#478369375
0!
#479289375
1!
#479393375
0!
#480313375
1!
#480417375
0!
#481337375
1!
#481441375
0!
#482361375
1!
#482465375
0!
#483385375
1!
#483489375
0!
#484409375
1!
#484513375
0!
#485433375
1!
#485537375
0!
#486457375
1!
#486561375
0!
#487481375
1!
#487585375
0!
#488505375
1!
#488609375
0!
#489529375
1!
#489633375
0!
#490553375
1!
#490657375
0!
#491577375
1!
#491681375
0!
#492601375
1!
#492705375
0!
#493625375
1!
#493729375
0!
#494649375
1!
#494753375
0!
#495673375
1!
#495777375
0!
#496697375
1!
#496801375
0!
#497721375
1!
#497825375
0!
#498745375
1!
#498849375
0!
#499769375
1!
#499873375
0!
#500793375
1!
#500897375
0!
#501817375
1!
#501921375
0!
#502841375
1!
#502945375
0!
#503865374
1!
#503969375
0!
#504889375
1!
#504993374
0!
#505913375
1!
#506017375
0!
#506937375
1!
#507041375
0!
#507961375
1!
#508065375
0!
#508985374
1!
#509089374
0!
#510009375
1!
#510113375
0!
#511033375
1!
#511137375
0!
#512057375
1!
#512161375
0!
#513081374
1!
#513185375
0!
#514105375
1!
#514209374
0!
#515129375
1!
#515233375
0!
#516153375
1!
#516257375
0!
#517177375
1!
#517281375
0!
#518201374
1!
#518305374
0!
#519225375
1!
#519329375
0!
#520249375
1!
#520353375
0!
#521273375
1!
#521377375
0!
#522297374
1!
#522401374
0!
#523321375
1!
#523425375
0!
#524345375
1!
#524449375
0!
#525369375
1!
#525473375
0!
#526393375
1!
#526497375
0!
#527417374
1!
#527521374
0!
#528441375
1!
#528545375
0!
#529465375
1!
#529569375
0!
#530489375
1!
#530593375
0!
#531513374
1!
#531617374
0!
#532537375
1!
#532641375
0!
#533561375
1!
#533665375
0!
#534585375
1!
#534689375
0!
#535609375
1!
#535713375
0!
#536633374
1!
#536737374
0!
#537657375
1!
#537761375
0!
#538681375
1!
#538785375
0!
#539705375
1!
#539809375
0!
#540729375
1!
#540833375
0!
#541753375
1!
#541857375
0!
#542777375
1!
#542881375
0!
#543801375
1!
#543905375
0!
#544825375
1!
#544929375
0!
#545849375
1!
#545953375
0!
#546873375
1!
#546977375
0!
#547897375
1!
#548001375
0!
#548921375
1!
#549025375
0!
#549945375
1!
#550049375
0!
#550969375
1!
#551073375
0!
#551993375
1!
#552097375
0!
#553017375
1!
#553121375
0!
#554041375
1!
#554145375
0!
#555065375
1!
#555169375
0!
#556089375
1!
#556193375
0!
#557113375
1!
#557217375
0!
#558137375
1!
#558241375
0!
#559161375
1!
#559265375
0!
#560185375
1!
#560289375
0!
#561209375
1!
#561313375
0!
#562233375
1!
#562337375
0!
#563257375
1!
#563361375
0!
#564281375
1!
#564385375
0!
#565305375
1!
#565409375
0!
#566329375
1!
#566433375
0!
#567353375
1!
#567457375
0!
#568377375
1!
#568481375
0!
#569401375
1!
#569505375
0!
#570425375
1!
#570529375
0!
#571449375
1!
#571553375
0!
#572473375
1!
#572577375
0!
#573497375
1!
#573601375
0!
#574521375
1!
#574625375
0!
#575545375
1!
#575649375
0!
#576569375
1!
#576673375
0!
#577593375
1!
#577697375
0!
#578617375
1!
#578721375
0!
#579641375
1!
#579745375
0!
#580665375
1!
#580769375
0!
#581689375
1!
#581793375
0!
#582713375
1!
#582817375
0!
#583737375
1!
#583841375
0!
#584761375
1!
#584865375
0!
#585785375
1!
#585889375
0!
#586809375
1!
#586913375
0!
#587833375
1!
#587937375
0!
#588857375
1!
#588961375
0!
#589881375
1!
#589985375
0!
#590905375
1!
#591009375
0!
#591929375
1!
#592033375
0!
#592953375
1!
#593057375
0!
#593977375
1!
#594081375
0!
#595001375
1!
#595105375
0!
#596025375
1!
#596129375
0!
#597049375
1!
#597153375
0!
#598073375
1!
#598177375
0!
#599097375
1!
#599201375
0!
#600121375
1!
#600225375
0!
#601145375
1!
#601249375
0!
#602169375
1!
#602273375
0!
#603193375
1!
#603297375
0!
#604217375
1!
#604321375
0!
#605241375
1!
#605345375
0!
#606265375
1!
#606369375
0!
#607289375
1!
#607393375
0!
#608313375
1!
#608417375
0!
#609337375
1!
#609441375
0!
#610361375
1!
#610465375
0!
#611385375
1!
#611489375
0!
#612409375
1!
#612513375
0!
#613433375
1!
#613537375
0!
#614457375
1!
#614561375
0!
#615481375
1!
#615585375
0!
#616505375
1!
#616609375
0!
#617529375
1!
#617633375
0!
#618553375
1!
#618657375
0!
#619577375
1!
#619681375
0!
#620601375
1!
#620705375
0!
#621625375
1!
#621729375
0!
#622649375
1!
#622753375
0!
#623673375
1!
#623777375
0!
#624697375
1!
#624801375
0!
#625721375
1!
#625825375
0!
#626745375
1!
#626849375
0!
#627769375
1!
#627873375
0!
#628793375
1!
#628897375
0!
#629817375
1!
#629921375
0!
#630841375
1!
#630945375
0!
#631865375
1!
#631969375
0!
#632889375
1!
#632993375
0!
#633913375
1!
#634017375
0!
#634937375
1!
#635041375
0!
#635961375
1!
#636065375
0!
#636985375
1!
#637089375
0!
#638009375
1!
#638113375
0!
#639033375
1!
#639137375
0!
#640057375
1!
#640161375
0!
#641081375
1!
#641185375
0!
#642105375
1!
#642209375
0!
#643129375
1!
#643233375
0!
#644153375
1!
#644257375
0!
#645177375
1!
#645281375
0!
#646201375
1!
#646305375
0!
#647225375
1!
#647329375
0!
#648249375
1!
#648353375
0!
#649273375
1!
#649377375
0!
#650297375
1!
#650401375
0!
#651321375
1!
#651425375
0!
#652345375
1!
#652449375
0!
#653369375
1!
#653473375
0!
#654393375
1!
#654497375
0!
#655417375
1!
#655521375
0!
#656441375
1!
#656545375
0!
#657465375
1!
#657569375
0!
#658489375
1!
#658593375
0!
#659513375
1!
#659617375
0!
#660537375
1!
#660641375
0!
#661561375
1!
#661665375
0!
#662585375
1!
#662689375
0!
#663609375
1!
#663713375
0!
#664633375
1!
#664737375
0!
#665657375
1!
#665761375
0!
#666681375
1!
#666785375
0!
#667705375
1!
#667809375
0!
#668729375
1!
#668833375
0!
#669753375
1!
#669857375
0!
#670777375
1!
#670881375
0!
#671801375
1!
#671905375
0!
#672825375
1!
#672929375
0!
#673849375
1!
#673953375
0!
#674873375
1!
#674977375
0!
#675897375
1!
#676001375
0!
#676921375
1!
#677025375
0!
#677945375
1!
#678049375
0!
#678969375
1!
#679073375
0!
#679993375
1!
#680097375
0!
#681017375
1!
#681121375
0!
#682041375
1!
#682145375
0!
#683065375
1!
#683169375
0!
#684089375
1!
#684193375
0!
#685113375
1!
#685217375
0!
#686137375
1!
#686241375
0!
#687161375
1!
#687265375
0!
#688185375
1!
#688289375
0!
#689209375
1!
#689313375
0!
#690233375
1!
#690337375
0!
#691257375
1!
#691361375
0!
#692281375
1!
#692385375
0!
#693305375
1!
#693409375
0!
#694329375
1!
#694433375
0!
#695353375
1!
#695457375
0!
#696377375
1!
#696481375
0!
#697401375
1!
#697505375
0!
#698425375
1!
#698529375
0!
#699449375
1!
#699553375
0!
#700473375
1!
#700577375
0!
#701497375
1!
#701601375
0!
#702521375
1!
#702625375
0!
#703545375
1!
#703649375
0!
#704569375
1!
#704673375
0!
#705593375
1!
#705697375
0!
#706617375
1!
#706721375
0!
#707641375
1!
#707745375
0!
#708665375
1!
#708769375
0!
#709689375
1!
#709793375
0!
#710713375
1!
#710817375
0!
#711737375
1!
#711841375
0!
#712761375
1!
#712865375
0!
#713785375
1!
#713889375
0!
#714809375
1!
#714913375
0!
#715833375
1!
#715937375
0!
#716857375
1!
#716961375
0!
#717881375
1!
#717985375
0!
#718905375
1!
#719009375
0!
#719929375
1!
#720033375
0!
#720953375
1!
#721057375
0!
#721977375
1!
#722081375
0!
#723001375
1!
#723105375
0!
#724025375
1!
#724129375
0!
#725049375
1!
#725153375
0!
#726073375
1!
#726177375
0!
#727097375
1!
#727201375
0!
#728121375
1!
#728225375
0!
#729145375
1!
#729249375
0!
#730169375
1!
#730273375
0!
#731193375
1!
#731297375
0!
#732217375
1!
#732321375
0!
#733241375
1!
#733345375
0!
#734265375
1!
#734369375
0!
#735289375
1!
#735393375
0!
#736313375
1!
#736417375
0!
#737337375
1!
#737441375
0!
#738361375
1!
#738465375
0!
#739385375
1!
#739489375
0!
#740409375
1!
#740513375
0!
#741433375
1!
#741537375
0!
#742457375
1!
#742561375
0!
#743481375
1!
#743585375
0!
#744505375
1!
#744609375
0!
#745529375
1!
#745633375
0!
#746553375
1!
#746657375
0!
#747577375
1!
#747681375
0!
#748601375
1!
#748705375
0!
#749625375
1!
#749729375
0!
#750649375
1!
#750753375
0!
#751673375
1!
#751777375
0!
#752697375
1!
#752801375
0!
#753721375
1!
#753825375
0!
#754745375
1!
#754849375
0!
#755769375
1!
#755873375
0!
#756793375
1!
#756897375
0!
#757817375
1!
#757921375
0!
#758841375
1!
#758945375
0!
#759865375
1!
#759969375
0!
#760889375
1!
#760993375
0!
#761913375
1!
#762017375
0!
#762937375
1!
#763041375
0!
#763961375
1!
#764065375
0!
#764985375
1!
#765089375
0!
#766009375
1!
#766113375
0!
#767033375
1!
#767137375
0!
#768057375
1!
#768161375
0!
#769081375
1!
#769185375
0!
#770105375
1!
#770209375
0!
#771129375
1!
#771233375
0!
#772153375
1!
#772257375
0!
#773177375
1!
#773281375
0!
#774201375
1!
#774305375
0!
#775225375
1!
#775329375
0!
#776249375
1!
#776353375
0!
#777273375
1!
#777377375
0!
#778297375
1!
#778401375
0!
#779321375
1!
#779425375
0!
#780345375
1!
#780449375
0!
#781369375
1!
#781473375
0!
#782393375
1!
#782497375
0!
#783417375
1!
#783521375
0!
#784441375
1!
#784545375
0!
#785465375
1!
#785569375
0!
#786489375
1!
#786593375
0!
#787513375
1!
#787617375
0!
#788537375
1!
#788641375
0!
#789561375
1!
#789665375
0!
#790585375
1!
#790689375
0!
#791609375
1!
#791713375
0!
#792633375
1!
#792737375
0!
#793657375
1!
#793761375
0!
#794681375
1!
#794785375
0!
#795705375
1!
#795809375
0!
#796729375
1!
#796833375
0!
#797753375
1!
#797857375
0!
#798777375
1!
#798881375
0!
#799801375
1!
#799905375
0!
#800825375
1!
#800929375
0!
#801849375
1!
#801953375
0!
#802873375
1!
#802977375
0!
#803897375
1!
#804001375
0!
#804921375
1!
#805025375
0!
#805945375
1!
#806049375
0!
#806969375
1!
#807073375
0!
#807993375
1!
#808097375
0!
#809017375
1!
#809121375
0!
#810041375
1!
#810145375
0!
#811065375
1!
#811169375
0!
#812089375
1!
#812193375
0!
#813113375
1!
#813217375
0!
#814137375
1!
#814241375
0!
#815161375
1!
#815265375
0!
#816185375
1!
#816289375
0!
#817209375
1!
#817313375
0!
#818233375
1!
#818337375
0!
#819257375
1!
#819361375
0!
#820281375
1!
#820385375
0!
#821305375
1!
#821409375
0!
#822329375
1!
#822433375
0!
#823353375
1!
#823457375
0!
#824377375
1!
#824481375
0!
#825401375
1!
#825505375
0!
#826425375
1!
#826529375
0!
#827449375
1!
#827553375
0!
#828473375
1!
#828577375
0!
#829497375
1!
#829601375
0!
#830521375
1!
#830625375
0!
#831545375
1!
#831649375
0!
#832569375
1!
#832673375
0!
#833593375
1!
#833697375
0!
#834617375
1!
#834721375
0!
#835641375
1!
#835745375
0!
#836665375
1!
#836769375
0!
#837689375
1!
#837793375
0!
#838713375
1!
#838817375
0!
#839737375
1!
#839841375
0!
#840761375
1!
#840865375
0!
#841785375
1!
#841889375
0!
#842809375
1!
#842913375
0!
#843833375
1!
#843937375
0!
#844857375
1!
#844961375
0!
#845881375
1!
#845985375
0!
#846905375
1!
#847009375
0!
#847929375
1!
#848033375
0!
#848953375
1!
#849057375
0!
#849977375
1!
#850081375
0!
#851001375
1!
#851105375
0!
#852025375
1!
#852129375
0!
#853049375
1!
#853153375
0!
#854073375
1!
#854177375
0!
#855097375
1!
#855201375
0!
#856121375
1!
#856225375
0!
#857145375
1!
#857249375
0!
#858169375
1!
#858273375
0!
#859193375
1!
#859297375
0!
#860217375
1!
#860321375
0!
#861241375
1!
#861345375
0!
#862265375
1!
#862369375
0!
#863289375
1!
#863393375
0!
#864313375
1!
#864417375
0!
#865337375
1!
#865441375
0!
#866361375
1!
#866465375
0!
#867385375
1!
#867489375
0!
#868409375
1!
#868513375
0!
#869433375
1!
#869537375
0!
#870457375
1!
#870561375
0!
#871481375
1!
#871585375
0!
#872505375
1!
#872609375
0!
#873529375
1!
#873633375
0!
#874553375
1!
#874657375
0!
#875577375
1!
#875681375
0!
#876601375
1!
#876705375
0!
#877625375
1!
#877729375
0!
#878649375
1!
#878753375
0!
#879673375
1!
#879777375
0!
#880697375
1!
#880801375
0!
#881721375
1!
#881825375
0!
#882745375
1!
#882849375
0!
#883769375
1!
#883873375
0!
#884793375
1!
#884897375
0!
#885817375
1!
#885921375
0!
#886841375
1!
#886945375
0!
#887865375
1!
#887969375
0!
#888889375
1!
#888993375
0!
#889913375
1!
#890017375
0!
#890937375
1!
#891041375
0!
#891961375
1!
#892065375
0!
#892985375
1!
#893089375
0!
#894009375
1!
#894113375
0!
#895033375
1!
#895137375
0!
#896057375
1!
#896161375
0!
#897081375
1!
#897185375
0!
#898105375
1!
#898209375
0!
#899129375
1!
#899233375
0!
#900153375
1!
#900257375
0!
#901177375
1!
#901281375
0!
#902201375
1!
#902305375
0!
#903225375
1!
#903329375
0!
#904249375
1!
#904353375
0!
#905273375
1!
#905377375
0!
#906297375
1!
#906401375
0!
#907321375
1!
#907425375
0!
#908345375
1!
#908449375
0!
#909369375
1!
#909473375
0!
#910393375
1!
#910497375
0!
#911417375
1!
#911521375
0!
#912441375
1!
#912545375
0!
#913465375
1!
#913569375
0!
#914489375
1!
#914593375
0!
#915513375
1!
#915617375
0!
#916537375
1!
#916641375
0!
#917561375
1!
#917665375
0!
#918585375
1!
#918689375
0!
#919609375
1!
#919713375
0!
#920633375
1!
#920737375
0!
#921657375
1!
#921761375
0!
#922681375
1!
#922785375
0!
#923705375
1!
#923809375
0!
#924729375
1!
#924833375
0!
#925753375
1!
#925857375
0!
#926777375
1!
#926881375
0!
#927801375
1!
#927905375
0!
#928825375
1!
#928929375
0!
#929849375
1!
#929953375
0!
#930873375
1!
#930977375
0!
#931897375
1!
#932001375
0!
#932921375
1!
#933025375
0!
#933945375
1!
#934049375
0!
#934969375
1!
#935073375
0!
#935993375
1!
#936097375
0!
#937017375
1!
#937121375
0!
#938041375
1!
#938145375
0!
#939065375
1!
#939169375
0!
#940089375
1!
#940193375
0!
#941113375
1!
#941217375
0!
#942137375
1!
#942241375
0!
#943161375
1!
#943265375
0!
#944185375
1!
#944289375
0!
#945209375
1!
#945313375
0!
#946233375
1!
#946337375
0!
#947257375
1!
#947361375
0!
#948281375
1!
#948385375
0!
#949305375
1!
#949409375
0!
#950329375
1!
#950433375
0!
#951353375
1!
#951457375
0!
#952377375
1!
#952481375
0!
#953401375
1!
#953505375
0!
#954425375
1!
#954529375
0!
#955449375
1!
#955553375
0!
#956473375
1!
#956577375
0!
#957497375
1!
#957601375
0!
#958521375
1!
#958625375
0!
#959545375
1!
#959649375
0!
#960569375
1!
#960673375
0!
#961593375
1!
#961697375
0!
#962617375
1!
#962721375
0!
#963641375
1!
#963745375
0!
#964665375
1!
#964769375
0!
#965689375
1!
#965793375
0!
#966713375
1!
#966817375
0!
#967737375
1!
#967841375
0!
#968761375
1!
#968865375
0!
#969785375
1!
#969889375
0!
#970809375
1!
#970913375
0!
#971833375
1!
#971937375
0!
#972857375
1!
#972961375
0!
#973881375
1!
#973985375
0!
#974905375
1!
#975009375
0!
#975929375
1!
#976033375
0!
#976953375
1!
#977057375
0!
#977977375
1!
#978081375
0!
#979001375
1!
#979105375
0!
#980025375
1!
#980129375
0!
#981049375
1!
#981153375
0!
#982073375
1!
#982177375
0!
#983097375
1!
#983201375
0!
#984121375
1!
#984225375
0!
#985145375
1!
#985249375
0!
#986169375
1!
#986273375
0!
#987193375
1!
#987297375
0!
#988217375
1!
#988321375
0!
#989241375
1!
#989345375
0!
#990265375
1!
#990369375
0!
#991289375
1!
#991393375
0!
#992313375
1!
#992417375
0!
#993337375
1!
#993441375
0!
#994361375
1!
#994465375
0!
#995385375
1!
#995489375
0!
#996409375
1!
#996513375
0!
#997433375
1!
#997537375
0!
#998457375
1!
#998561375
0!
#999481375
1!
#999585375
0!
#1000505374
1!
#1000609375
0!
#1001529375
1!
#1001633374
0!
#1002553375
1!
#1002657375
0!
#1003577375
1!
#1003681375
0!
#1004601375
1!
#1004705374
0!
#1005625374
1!
#1005729375
0!
#1006649375
1!
#1006753375
0!
#1007673375
1!
#1007777375
0!
#1008697374
1!
#1008801375
0!
#1009721375
1!
#1009825374
0!
#1010745375
1!
#1010849375
0!
#1011769375
1!
#1011873375
0!
#1012793375
1!
#1012897375
0!
#1013817374
1!
#1013921375
0!
#1014841375
1!
#1014945374
0!
#1015865375
1!
#1015969375
0!
#1016889375
1!
#1016993375
0!
#1017913375
1!
#1018017374
0!
#1018937374
1!
#1019041375
0!
#1019961375
1!
#1020065375
0!
#1020985375
1!
#1021089375
0!
#1022009375
1!
#1022113375
0!
#1023033375
1!
#1023137374
0!
#1024057374
1!
#1024161375
0!
#1025081375
1!
#1025185375
0!
#1026105375
1!
#1026209375
0!
#1027129374
1!
#1027233375
0!
#1028153375
1!
#1028257374
0!
#1029177375
1!
#1029281375
0!
#1030201375
1!
#1030305375
0!
#1031225375
1!
#1031329375
0!
#1032249374
1!
#1032353375
0!
#1033273375
1!
#1033377374
0!
#1034297375
1!
#1034401375
0!
#1035321375
1!
#1035425375
0!
#1036345375
1!
#1036449374
0!
#1037369374
1!
#1037473375
0!
#1038393375
1!
#1038497375
0!
#1039417375
1!
#1039521375
0!
#1040441374
1!
#1040545375
0!
#1041465375
1!
#1041569374
0!
#1042489374
1!
#1042593375
0!
#1043513375
1!
#1043617375
0!
#1044537375
1!
#1044641375
0!
#1045561374
1!
#1045665375
0!
#1046585375
1!
#1046689374
0!
#1047609375
1!
#1047713375
0!
#1048633375
1!
#1048737375
0!
#1049657375
1!
#1049761375
0!
#1050681374
1!
#1050785375
0!
#1051705375
1!
#1051809374
0!
#1052729375
1!
#1052833375
0!
#1053753375
1!
#1053857375
0!
#1054777375
1!
#1054881374
0!
#1055801374
1!
#1055905375
0!
#1056825375
1!
#1056929375
0!
#1057849375
1!
#1057953375
0!
#1058873374
1!
#1058977375
0!
#1059897375
1!
#1060001374
0!
#1060921375
1!
#1061025375
0!
#1061945375
1!
#1062049375
0!
#1062969375
1!
#1063073375
0!
#1063993374
1!
#1064097375
0!
#1065017375
1!
#1065121374
0!
#1066041375
1!
#1066145375
0!
#1067065375
1!
#1067169375
0!
#1068089375
1!
#1068193374
0!
#1069113374
1!
#1069217375
0!
#1070137375
1!
#1070241374
0!
#1071161375
1!
#1071265375
0!
#1071526812
0"
#1072185375
1!
#1072697375
0!
#1073209375
1!
#1073721375
0!
#1074233375
1!
#1074745375
0!
#1075257375
1!
#1075769375
0!
#1076281375
1!
#1076793375
0!
#1077305375
1!
#1077817375
0!
#1078329375
1!
#1078841375
0!
#1079353375
1!
#1079865375
0!
#1080377375
1!
#1080889375
0!
#1081401375
1!
#1081913375
0!
#1082425375
1!
#1082937375
0!
#1083449375
1!
#1083961375
0!
#1084473375
1!
#1084985375
0!
#1085497375
1!
#1086009375
0!
#1086521375
1!
#1087033375
0!
#1087545375
1!
#1088057375
0!
#1088569375
1!
#1089081375
0!
#1089593375
1!
#1090105375
0!
#1090617375
1!
#1091129375
0!
#1091641375
1!
#1092153375
0!
#1092665375
1!
#1093177375
0!
#1093689375
1!
#1094201375
0!
#1094713375
1!
#1095225375
0!
#1095737375
1!
#1096249375
0!
#1096761375
1!
#1097273375
0!
#1097785375
1!
#1098297375
0!
#1098809375
1!
#1099321375
0!
#1099833375
1!
#1100345375
0!
#1100857375
1!
#1101369375
0!
#1101881375
1!
#1102393375
0!
#1102905375
1!
#1103417375
0!
#1103929375
1!
#1104441375
0!
#1104953375
1!
#1105465375
0!
#1105977375
1!
#1106489375
0!
#1107001375
1!
#1107513375
0!
#1108025375
1!
#1108537375
0!
#1109049375
1!
#1109561375
0!
#1110073375
1!
#1110585375
0!
#1111097375
1!
#1111609375
0!
#1112121375
1!
#1112633375
0!
#1113145375
1!
#1113657375
0!
#1114169375
1!
#1114681375
0!
#1115193375
1!
#1115705375
0!
#1116217375
1!
#1116729375
0!
#1117241375
1!
#1117753375
0!
#1118265375
1!
#1118777375
0!
#1119289375
1!
#1119801375
0!
#1120313375
1!
#1120825375
0!
#1121337375
1!
#1121849375
0!
#1122361375
1!
#1122873375
0!
#1123385375
1!
#1123897375
0!
#1124409375
1!
#1124921375
0!
#1125433375
1!
#1125945375
0!
#1126457375
1!
#1126969375
0!
#1127481375
1!
#1127993375
0!
#1128505375
1!
#1129017375
0!
#1129529375
1!
#1130041375
0!
#1130553375
1!
#1131065375
0!
#1131577375
1!
#1132089375
0!
#1132601375
1!
#1133113375
0!
#1133625375
1!
#1134137375
0!
#1134649375
1!
#1135161375
0!
#1135673375
1!
#1136185375
0!
#1136697375
1!
#1137209375
0!
#1137721375
1!
#1138233375
0!
#1138745375
1!
#1139257375
0!
#1139769375
1!
#1140281375
0!
#1140793375
1!
#1141305375
0!
#1141817375
1!
#1142329375
0!
#1142841375
1!
#1143353375
0!
#1143865375
1!
#1144377375
0!
#1144889375
1!
#1145401375
0!
#1145913375
1!
#1146425375
0!
#1146937375
1!
#1147449375
0!
#1147961375
1!
#1148473375
0!
#1148985375
1!
#1149497375
0!
#1150009375
1!
#1150521375
0!
#1151033375
1!
#1151545375
0!
#1152057375
1!
#1152569375
0!
#1153081375
1!
#1153593375
0!
#1154105375
1!
#1154617375
0!
#1155129375
1!
#1155641375
0!
#1156153375
1!
#1156665375
0!
#1157177375
1!
#1157689375
0!
#1158201375
1!
#1158713375
0!
#1159225375
1!
#1159737375
0!
#1160249375
1!
#1160761375
0!
#1161273375
1!
#1161785375
0!
#1162297375
1!
#1162809375
0!
#1163321375
1!
#1163833375
0!
#1164345375
1!
#1164857375
0!
#1165369375
1!
#1165881375
0!
#1166393375
1!
#1166905375
0!
#1167417375
1!
#1167929375
0!
#1168441375
1!
#1168953375
0!
#1169465375
1!
#1169977375
0!
#1170489375
1!
#1171001375
0!
#1171513375
1!
#1172025375
0!
#1172537375
1!
#1173049375
0!
#1173561375
1!
#1174073375
0!
#1174585375
1!
#1175097375
0!
#1175609375
1!
#1176121375
0!
#1176633375
1!
#1177145375
0!
#1177657375
1!
#1178169375
0!
#1178681375
1!
#1179193375
0!
#1179705375
1!
#1180217375
0!
#1180729375
1!
#1181241375
0!
#1181753375
1!
#1182265375
0!
#1182777375
1!
#1183289375
0!
#1183801375
1!
#1184313375
0!
#1184825375
1!
#1185337375
0!
#1185849375
1!
#1186361375
0!
#1186873375
1!
#1187385375
0!
#1187897375
1!
#1188409375
0!
#1188921375
1!
#1189433375
0!
#1189945375
1!
#1190457375
0!
#1190969375
1!
#1191481375
0!
#1191993375
1!
#1192505375
0!
#1193017375
1!
#1193529375
0!
#1194041375
1!
#1194553375
0!
#1195065375
1!
#1195577375
0!
#1196089375
1!
#1196601375
0!
#1197113375
1!
#1197625375
0!
#1198137375
1!
#1198649375
0!
#1199161375
1!
#1199673375
0!
#1200185375
1!
#1200697375
0!
#1201209375
1!
#1201721375
0!
#1202233375
1!
#1202745375
0!
#1203257375
1!
#1203769375
0!
#1204281375
1!
#1204793375
0!
#1205305375
1!
#1205817375
0!
#1206329375
1!
#1206841375
0!
#1207353375
1!
#1207865375
0!
#1208377375
1!
#1208889375
0!
#1209401375
1!
#1209913375
0!
#1210425375
1!
#1210937375
0!
#1211449375
1!
#1211961375
0!
#1212473375
1!
#1212985375
0!
#1213497375
1!
#1214009375
0!
#1214521375
1!
#1215033375
0!
#1215545375
1!
#1216057375
0!
#1216569375
1!
#1217081375
0!
#1217593375
1!
#1218105375
0!
#1218617375
1!
#1219129375
0!
#1219641375
1!
#1220153375
0!
#1220665375
1!
#1221177375
0!
#1221689375
1!
#1222201375
0!
#1222713375
1!
#1223225375
0!
#1223737375
1!
#1224249375
0!
#1224761375
1!
#1225273375
0!
#1225785375
1!
#1226297375
0!
#1226809375
1!
#1227321375
0!
#1227833375
1!
#1228345375
0!
#1228857375
1!
#1229369375
0!
#1229881375
1!
#1230393375
0!
#1230905375
1!
#1231417375
0!
#1231929375
1!
#1232441375
0!
#1232953375
1!
#1233465375
0!
#1233977375
1!
#1234489375
0!
#1235001375
1!
#1235513375
0!
#1236025375
1!
#1236537375
0!
#1237049375
1!
#1237561375
0!
#1238073375
1!
#1238585375
0!
#1239097375
1!
#1239609375
0!
#1240121375
1!
#1240633375
0!
#1241145375
1!
#1241657375
0!
#1242169375
1!
#1242681375
0!
#1243193375
1!
#1243705375
0!
#1244217375
1!
#1244729375
0!
#1245241375
1!
#1245753375
0!
#1246265375
1!
#1246777375
0!
#1247289375
1!
#1247801375
0!
#1248313375
1!
#1248825375
0!
#1249337375
1!
#1249849375
0!
#1250361375
1!
#1250873375
0!
#1251385375
1!
#1251897375
0!
#1252409375
1!
#1252921375
0!
#1253433375
1!
#1253945375
0!
#1254457375
1!
#1254969375
0!
#1255481375
1!
#1255993375
0!
#1256505375
1!
#1257017375
0!
#1257529375
1!
#1258041375
0!
#1258553375
1!
#1259065375
0!
#1259577375
1!
#1260089375
0!
#1260601375
1!
#1261113375
0!
#1261625375
1!
#1262137375
0!
#1262649375
1!
#1263161375
0!
#1263673375
1!
#1264185375
0!
#1264697375
1!
#1265209375
0!
#1265721375
1!
#1266233375
0!
#1266745375
1!
#1267257375
0!
#1267769375
1!
#1268281375
0!
#1268793375
1!
#1269305375
0!
#1269817375
1!
#1270329375
0!
#1270841375
1!
#1271353375
0!
#1271865375
1!
#1272377375
0!
#1272889375
1!
#1273401375
0!
#1273913375
1!
#1274425375
0!
#1274937375
1!
#1275449375
0!
#1275961375
1!
#1276473375
0!
#1276985375
1!
#1277497375
0!
#1278009375
1!
#1278521375
0!
#1279033375
1!
#1279545375
0!
#1280057375
1!
#1280569375
0!
#1281081375
1!
#1281593375
0!
#1282105375
1!
#1282617375
0!
#1283129375
1!
#1283641375
0!
#1284153375
1!
#1284665375
0!
#1285177375
1!
#1285689375
0!
#1286201375
1!
#1286713375
0!
#1287225375
1!
#1287737375
0!
#1288249375
1!
#1288761375
0!
#1289273375
1!
#1289785375
0!
#1290297375
1!
#1290809375
0!
#1291321375
1!
#1291833375
0!
#1292345375
1!
#1292857375
0!
#1293369375
1!
#1293881375
0!
#1294393375
1!
#1294905375
0!
#1295417375
1!
#1295929375
0!
#1296441375
1!
#1296953375
0!
#1297465375
1!
#1297977375
0!
#1298489375
1!
#1299001375
0!
#1299513375
1!
#1300025375
0!
#1300537375
1!
#1301049375
0!
#1301561375
1!
#1302073375
0!
#1302585375
1!
#1303097375
0!
#1303609375
1!
#1304121375
0!
#1304633375
1!
#1305145375
0!
#1305657375
1!
#1306169375
0!
#1306681375
1!
#1307193375
0!
#1307705375
1!
#1308217375
0!
#1308729375
1!
#1309241375
0!
#1309753375
1!
#1310265375
0!
#1310777375
1!
#1311289375
0!
#1311801375
1!
#1312313375
0!
#1312825375
1!
#1313337375
0!
#1313849375
1!
#1314361375
0!
#1314873375
1!
#1315385375
0!
#1315897375
1!
#1316409375
0!
#1316921375
1!
#1317433375
0!
#1317945375
1!
#1318457375
0!
#1318969375
1!
#1319481375
0!
#1319993375
1!
#1320505375
0!
#1321017375
1!
#1321529375
0!
#1322041375
1!
#1322553375
0!
#1323065375
1!
#1323577375
0!
#1324089375
1!
#1324601375
0!
#1325113375
1!
#1325625375
0!
#1326137375
1!
#1326649375
0!
#1327161375
1!
#1327673375
0!
#1328185375
1!
#1328697375
0!
#1329209375
1!
#1329721375
0!
#1330233375
1!
#1330745375
0!
#1331257375
1!
#1331769375
0!
#1332281375
1!
#1332793375
0!
#1333305375
1!
#1333817375
0!
#1334329375
1!
#1334841375
0!
#1335353375
1!
#1335865375
0!
#1336377375
1!
#1336889375
0!
#1337401375
1!
#1337913375
0!
#1338425375
1!
#1338937375
0!
#1339449375
1!
#1339961375
0!
#1340473375
1!
#1340985375
0!
#1341497375
1!
#1342009375
0!
#1342521375
1!
#1343033375
0!
#1343545375
1!
#1344057375
0!
#1344569375
1!
#1345081375
0!
#1345593375
1!
#1346105375
0!
#1346617375
1!
#1347129375
0!
#1347641375
1!
#1348153375
0!
#1348665375
1!
#1349177375
0!
#1349689375
1!
#1350201375
0!
#1350713375
1!
#1351225375
0!
#1351737375
1!
#1352249375
0!
#1352761375
1!
#1353273375
0!
#1353785375
1!
#1354297375
0!
#1354809375
1!
#1355321375
0!
#1355833375
1!
#1356345375
0!
#1356857375
1!
#1357369375
0!
#1357881375
1!
#1358393375
0!
#1358905375
1!
#1359417375
0!
#1359929375
1!
#1360441375
0!
#1360953375
1!
#1361465375
0!
#1361977375
1!
#1362489375
0!
#1363001375
1!
#1363513375
0!
#1364025375
1!
#1364537375
0!
#1365049375
1!
#1365561375
0!
#1366073375
1!
#1366585375
0!
#1367097375
1!
#1367609375
0!
#1368121375
1!
#1368633375
0!
#1369145375
1!
#1369657375
0!
#1370169375
1!
#1370681375
0!
#1371193375
1!
#1371705375
0!
#1372217375
1!
#1372729375
0!
#1373241375
1!
#1373753375
0!
#1374265375
1!
#1374777375
0!
#1375289375
1!
#1375801375
0!
#1376313375
1!
#1376825375
0!
#1377337375
1!
#1377849375
0!
#1378361375
1!
#1378873375
0!
#1379385375
1!
#1379897375
0!
#1380409375
1!
#1380921375
0!
#1381433375
1!
#1381945375
0!
#1382457375
1!
#1382969375
0!
#1383481375
1!
#1383993375
0!
#1384505375
1!
#1385017375
0!
#1385529375
1!
#1386041375
0!
#1386553375
1!
#1387065375
0!
#1387577375
1!
#1388089375
0!
#1388601375
1!
#1389113375
0!
#1389625375
1!
#1390137375
0!
#1390649375
1!
#1391161375
0!
#1391673375
1!
#1392185375
0!
#1392697375
1!
#1393209375
0!
#1393721375
1!
#1394233375
0!
#1394745375
1!
#1395257375
0!
#1395769375
1!
#1396281375
0!
#1396793375
1!
#1397305375
0!
#1397817375
1!
#1398329375
0!
#1398841375
1!
#1399353375
0!
#1399865375
1!
#1400377375
0!
#1400889375
1!
#1401401375
0!
#1401913375
1!
#1402425375
0!
#1402937375
1!
#1403449375
0!
#1403961375
1!
#1404473375
0!
#1404985375
1!
#1405497375
0!
#1406009375
1!
#1406521375
0!
#1407033375
1!
#1407545375
0!
#1408057375
1!
#1408569375
0!
#1409081375
1!
#1409593375
0!
#1410105375
1!
#1410617375
0!
#1411129375
1!
#1411641375
0!
#1412153375
1!
#1412665375
0!
#1413177375
1!
#1413689375
0!
#1414201375
1!
#1414713375
0!
#1415225375
1!
#1415737375
0!
#1416249375
1!
#1416761375
0!
#1417273375
1!
#1417785375
0!
#1418297375
1!
#1418809375
0!
#1419321375
1!
#1419833375
0!
#1420345375
1!
#1420857375
0!
#1421369375
1!
#1421881375
0!
#1422393375
1!
#1422905375
0!
#1423417375
1!
#1423929375
0!
#1424441375
1!
#1424953375
0!
#1425465375
1!
#1425977375
0!
#1426489375
1!
#1427001375
0!
#1427513375
1!
#1428025375
0!
#1428537375
1!
#1429049375
0!
#1429561375
1!
#1430073375
0!
#1430585375
1!
#1431097375
0!
#1431609375
1!
#1432121375
0!
#1432633375
1!
#1433145375
0!
#1433657375
1!
#1434169375
0!
#1434681375
1!
#1435193375
0!
#1435705375
1!
#1436217375
0!
#1436729375
1!
#1437241375
0!
#1437753375
1!
#1438265375
0!
#1438777375
1!
#1439289375
0!
#1439801375
1!
#1440313375
0!
#1440825375
1!
#1441337375
0!
#1441849375
1!
#1442361375
0!
#1442873375
1!
#1443385375
0!
#1443897375
1!
#1444409375
0!
#1444921375
1!
#1445433375
0!
#1445945375
1!
#1446457375
0!
#1446969375
1!
#1447481375
0!
#1447993375
1!
#1448505375
0!
#1449017375
1!
#1449529375
0!
#1450041375
1!
#1450553375
0!
#1451065375
1!
#1451577375
0!
#1452089375
1!
#1452601375
0!
#1453113375
1!
#1453625375
0!
#1454137375
1!
#1454649375
0!
#1455161375
1!
#1455673375
0!
#1456185375
1!
#1456697375
0!
#1457209375
1!
#1457721375
0!
#1458233375
1!
#1458745375
0!
#1459257375
1!
#1459769375
0!
#1460281375
1!
#1460793375
0!
#1461305375
1!
#1461817375
0!
#1462329375
1!
#1462841375
0!
#1463353375
1!
#1463865375
0!
#1464377375
1!
#1464889375
0!
#1465401375
1!
#1465913375
0!
#1466425375
1!
#1466937375
0!
#1467449375
1!
#1467961375
0!
#1468473375
1!
#1468985375
0!
#1469497375
1!
#1470009375
0!
#1470521375
1!
#1471033375
0!
#1471545375
1!
#1472057375
0!
#1472569375
1!
#1473081375
0!
#1473593375
1!
#1474105375
0!
#1474617375
1!
#1475129375
0!
#1475641375
1!
#1476153375
0!
#1476665375
1!
#1477177375
0!
#1477689375
1!
#1478201375
0!
#1478713375
1!
#1479225375
0!
#1479737375
1!
#1480249375
0!
#1480761375
1!
#1481273375
0!
#1481785375
1!
#1482297375
0!
#1482809375
1!
#1483321375
0!
#1483833375
1!
#1484345375
0!
#1484857375
1!
#1485369375
0!
#1485881375
1!
#1486393375
0!
#1486905375
1!
#1487417375
0!
#1487929375
1!
#1488441375
0!
#1488953375
1!
#1489465375
0!
#1489977375
1!
#1490489375
0!
#1491001375
1!
#1491513375
0!
#1492025375
1!
#1492537375
0!
#1493049375
1!
#1493561375
0!
#1494073375
1!
#1494585375
0!
#1495097375
1!
#1495609375
0!
#1496121375
1!
#1496633375
0!
#1497145375
1!
#1497657375
0!
#1498169375
1!
#1498681375
0!
#1499193375
1!
#1499705375
0!
#1500217375
1!
#1500729375
0!
#1501241375
1!
#1501753375
0!
#1502265375
1!
#1502777375
0!
#1503289375
1!
#1503801375
0!
#1504313375
1!
#1504825375
0!
#1505337375
1!
#1505849375
0!
#1506361375
1!
#1506873375
0!
#1507385375
1!
#1507897375
0!
#1508409375
1!
#1508921375
0!
#1509433375
1!
#1509945375
0!
#1510457375
1!
#1510969375
0!
#1511481375
1!
#1511993375
0!
#1512505375
1!
#1513017375
0!
#1513529375
1!
#1514041375
0!
#1514553375
1!
#1515065375
0!
#1515577375
1!
#1516089375
0!
#1516601375
1!
#1517113375
0!
#1517625375
1!
#1518137375
0!
#1518649375
1!
#1519161375
0!
#1519673375
1!
#1520185375
0!
#1520697375
1!
#1521209375
0!
#1521721375
1!
#1522233375
0!
#1522745375
1!
#1523257375
0!
#1523769375
1!
#1524281375
0!
#1524793375
1!
#1525305375
0!
#1525817375
1!
#1526329375
0!
#1526841375
1!
#1527353375
0!
#1527865375
1!
#1528377375
0!
#1528889375
1!
#1529401375
0!
#1529913375
1!
#1530425375
0!
#1530937375
1!
#1531449375
0!
#1531961375
1!
#1532473375
0!
#1532985375
1!
#1533497375
0!
#1534009375
1!
#1534521375
0!
#1535033375
1!
#1535545375
0!
#1536057375
1!
#1536569375
0!
#1537081375
1!
#1537593375
0!
#1538105375
1!
#1538617375
0!
#1539129375
1!
#1539641375
0!
#1540153375
1!
#1540665375
0!
#1541177375
1!
#1541689375
0!
#1542201375
1!
#1542713375
0!
#1543225375
1!
#1543737375
0!
#1544249375
1!
#1544761375
0!
#1545273375
1!
#1545785375
0!
#1546297375
1!
#1546809375
0!
#1547321375
1!
#1547833375
0!
#1548345375
1!
#1548857375
0!
#1549369375
1!
#1549881375
0!
#1550393375
1!
#1550905375
0!
#1551417375
1!
#1551929375
0!
#1552441375
1!
#1552953375
0!
#1553465375
1!
#1553977375
0!
#1554489375
1!
#1555001375
0!
#1555513375
1!
#1556025375
0!
#1556537375
1!
#1557049375
0!
#1557561375
1!
#1558073375
0!
#1558585375
1!
#1559097375
0!
#1559609375
1!
#1560121375
0!
#1560633375
1!
#1561145375
0!
#1561657375
1!
#1562169375
0!
#1562681375
1!
#1563193375
0!
#1563705375
1!
#1564217375
0!
#1564729375
1!
#1565241375
0!
#1565753375
1!
#1566265375
0!
#1566777375
1!
#1567289375
0!
#1567801375
1!
#1568313375
0!
#1568825375
1!
#1569337375
0!
#1569849375
1!
#1570361375
0!
#1570873375
1!
#1571385375
0!
#1571897375
1!
#1572409375
0!
#1572921375
1!
#1573433375
0!
#1573945375
1!
#1574457375
0!
#1574969375
1!
#1575481375
0!
#1575993375
1!
#1576505375
0!
#1577017375
1!
#1577529375
0!
#1578041375
1!
#1578553375
0!
#1579065375
1!
#1579577375
0!
#1580089375
1!
#1580601375
0!
#1581113375
1!
#1581625375
0!
#1582137375
1!
#1582649375
0!
#1583161375
1!
#1583673375
0!
#1584185375
1!
#1584697375
0!
#1585209375
1!
#1585721375
0!
#1586233375
1!
#1586745375
0!
#1587257375
1!
#1587769375
0!
#1588281375
1!
#1588793375
0!
#1589305375
1!
#1589817375
0!
#1590329375
1!
#1590841375
0!
#1591353375
1!
#1591865375
0!
#1592377375
1!
#1592889375
0!
#1593401375
1!
#1593913375
0!
#1594425375
1!
#1594937375
0!
#1595449375
1!
#1595961375
0!
#1596473375
1!
#1596985375
0!
#1597497375
1!
#1598009375
0!
#1598521375
1!
#1599033375
0!
#1599545375
1!
#1600057375
0!
#1600569375
1!
#1601081375
0!
#1601593375
1!
#1602105375
0!
#1602617375
1!
#1603129375
0!
#1603641375
1!
#1604153375
0!
#1604665375
1!
#1605177375
0!
#1605689375
1!
#1606201375
0!
#1606713375
1!
#1607225375
0!
#1607737375
1!
#1608249375
0!
#1608761375
1!
#1609273375
0!
#1609785375
1!
#1610297375
0!
#1610809375
1!
#1611321375
0!
#1611833375
1!
#1612345375
0!
#1612857375
1!
#1613369375
0!
#1613881375
1!
#1614393375
0!
#1614905375
1!
#1615417375
0!
#1615929375
1!
#1616441375
0!
#1616953375
1!
#1617465375
0!
#1617977375
1!
#1618489375
0!
#1619001375
1!
#1619513375
0!
#1620025375
1!
#1620537375
0!
#1621049375
1!
#1621561375
0!
#1622073375
1!
#1622585375
0!
#1623097375
1!
#1623609375
0!
#1624121375
1!
#1624633375
0!
#1625145375
1!
#1625657375
0!
#1626169375
1!
#1626681375
0!
#1627193375
1!
#1627705375
0!
#1628217375
1!
#1628729375
0!
#1629241375
1!
#1629753375
0!
#1630265375
1!
#1630777375
0!
#1631289375
1!
#1631801375
0!
#1632313375
1!
#1632825375
0!
#1633337375
1!
#1633849375
0!
#1634361375
1!
#1634873375
0!
#1635385375
1!
#1635897375
0!
#1636409375
1!
#1636921375
0!
#1637433375
1!
#1637945375
0!
#1638457375
1!
#1638969375
0!
#1639481375
1!
#1639993375
0!
#1640505375
1!
#1641017375
0!
#1641529375
1!
#1642041375
0!
#1642553375
1!
#1643065375
0!
#1643577375
1!
#1644089375
0!
#1644601375
1!
#1645113375
0!
#1645625375
1!
#1646137375
0!
#1646649375
1!
#1647161375
0!
#1647673375
1!
#1648185375
0!
#1648697375
1!
#1649209375
0!
#1649721375
1!
#1650233375
0!
#1650745375
1!
#1651257375
0!
#1651769375
1!
#1652281375
0!
#1652793375
1!
#1653305375
0!
#1653817375
1!
#1654329375
0!
#1654841375
1!
#1655353375
0!
#1655865375
1!
#1656377375
0!
#1656889375
1!
#1657401375
0!
#1657913375
1!
#1658425375
0!
#1658937375
1!
#1659449375
0!
#1659961375
1!
#1660473375
0!
#1660985375
1!
#1661497375
0!
#1662009375
1!
#1662521375
0!
#1663033375
1!
#1663545375
0!
#1664057375
1!
#1664569375
0!
#1665081375
1!
#1665593375
0!
#1666105375
1!
#1666617375
0!
#1667129375
1!
#1667641375
0!
#1668153375
1!
#1668665375
0!
#1669177375
1!
#1669689375
0!
#1670201375
1!
#1670713375
0!
#1671225375
1!
#1671737375
0!
#1672249375
1!
#1672761375
0!
#1673273375
1!
#1673785375
0!
#1674297375
1!
#1674809375
0!
#1675321375
1!
#1675833375
0!
#1676345375
1!
#1676857375
0!
#1677369375
1!
#1677881375
0!
#1678393375
1!
#1678905375
0!
#1679417375
1!
#1679929375
0!
#1680441375
1!
#1680953375
0!
#1681465375
1!
#1681977375
0!
#1682489375
1!
#1683001375
0!
#1683513375
1!
#1684025375
0!
#1684537375
1!
#1685049375
0!
#1685561375
1!
#1686073375
0!
#1686585375
1!
#1687097375
0!
#1687609375
1!
#1688121375
0!
#1688633375
1!
#1689145375
0!
#1689657375
1!
#1690169375
0!
#1690681375
1!
#1691193375
0!
#1691705375
1!
#1692217375
0!
#1692729375
1!
#1693241375
0!
#1693753375
1!
#1694265375
0!
#1694777375
1!
#1695289375
0!
#1695801375
1!
#1696313375
0!
#1696825375
1!
#1697337375
0!
#1697849375
1!
#1698361375
0!
#1698873375
1!
#1699385375
0!
#1699897375
1!
#1700409375
0!
#1700921375
1!
#1701433375
0!
#1701945375
1!
#1702457375
0!
#1702969375
1!
#1703481375
0!
#1703993375
1!
#1704505375
0!
#1705017375
1!
#1705529375
0!
#1706041375
1!
#1706553375
0!
#1707065375
1!
#1707577375
0!
#1708089375
1!
#1708601375
0!
#1709113375
1!
#1709625375
0!
#1710137375
1!
#1710649375
0!
#1711161375
1!
#1711673375
0!
#1712185375
1!
#1712697375
0!
#1713209375
1!
#1713721375
0!
#1714233375
1!
#1714745375
0!
#1715257375
1!
#1715769375
0!
#1716281375
1!
#1716793375
0!
#1717305375
1!
#1717817375
0!
#1718329375
1!
#1718841375
0!
#1719353375
1!
#1719865375
0!
#1720377375
1!
#1720889375
0!
#1721401375
1!
#1721913375
0!
#1722425375
1!
#1722937375
0!
#1723449375
1!
#1723961375
0!
#1724473375
1!
#1724985375
0!
#1725497375
1!
#1726009375
0!
#1726521375
1!
#1727033375
0!
#1727545375
1!
#1728057375
0!
#1728569375
1!
#1729081375
0!
#1729593375
1!
#1730105375
0!
#1730617375
1!
#1731129375
0!
#1731641375
1!
#1732153375
0!
#1732665375
1!
#1733177375
0!
#1733689375
1!
#1734201375
0!
#1734713375
1!
#1735225375
0!
#1735737375
1!
#1736249375
0!
#1736761375
1!
#1737273375
0!
#1737785375
1!
#1738297375
0!
#1738809375
1!
#1739321375
0!
#1739833375
1!
#1740345375
0!
#1740857375
1!
#1741369375
0!
#1741881375
1!
#1742393375
0!
#1742905375
1!
#1743417375
0!
#1743929375
1!
#1744441375
0!
#1744953375
1!
#1745465375
0!
#1745977375
1!
#1746489375
0!
#1747001375
1!
#1747513375
0!
#1748025375
1!
#1748537375
0!
#1749049375
1!
#1749561375
0!
#1750073375
1!
#1750585375
0!
#1751097375
1!
#1751609375
0!
#1752121375
1!
#1752633375
0!
#1753145375
1!
#1753657375
0!
#1754169375
1!
#1754681375
0!
#1755193375
1!
#1755705375
0!
#1756217375
1!
#1756729375
0!
#1757241375
1!
#1757753375
0!
#1758265375
1!
#1758777375
0!
#1759289375
1!
#1759801375
0!
#1760313375
1!
#1760825375
0!
#1761337375
1!
#1761849375
0!
#1762361375
1!
#1762873375
0!
#1763385375
1!
#1763897375
0!
#1764409375
1!
#1764921375
0!
#1765433375
1!
#1765945375
0!
#1766457375
1!
#1766969375
0!
#1767481375
1!
#1767993375
0!
#1768505375
1!
#1769017375
0!
#1769529375
1!
#1770041375
0!
#1770553375
1!
#1771065375
0!
#1771577375
1!
#1772089375
0!
#1772601375
1!
#1773113375
0!
#1773625375
1!
#1774137375
0!
#1774649375
1!
#1775161375
0!
#1775673375
1!
#1776185375
0!
#1776697375
1!
#1777209375
0!
#1777721375
1!
#1778233375
0!
#1778745375
1!
#1779257375
0!
#1779769375
1!
#1780281375
0!
#1780793375
1!
#1781305375
0!
#1781817375
1!
#1782329375
0!
#1782841375
1!
#1783353375
0!
#1783865375
1!
#1784377375
0!
#1784889375
1!
#1785401375
0!
#1785913375
1!
#1786425375
0!
#1786937375
1!
#1787449375
0!
#1787961375
1!
#1788473375
0!
#1788985375
1!
#1789497375
0!
#1790009375
1!
#1790521375
0!
#1791033375
1!
#1791545375
0!
#1792057375
1!
#1792569375
0!
#1793081375
1!
#1793593375
0!
#1794105375
1!
#1794617375
0!
#1795129375
1!
#1795641375
0!
#1796153375
1!
#1796665375
0!
#1797177375
1!
#1797689375
0!
#1798201375
1!
#1798713375
0!
#1799225375
1!
#1799737375
0!
#1800249375
1!
#1800761375
0!
#1801273375
1!
#1801785375
0!
#1802297375
1!
#1802809375
0!
#1803321375
1!
#1803833375
0!
#1804345375
1!
#1804857375
0!
#1805369375
1!
#1805881375
0!
#1806393375
1!
#1806905375
0!
#1807417375
1!
#1807929375
0!
#1808441375
1!
#1808953375
0!
#1809465375
1!
#1809977375
0!
#1810489375
1!
#1811001375
0!
#1811513375
1!
#1812025375
0!
#1812537375
1!
#1813049375
0!
#1813561375
1!
#1814073375
0!
#1814585375
1!
#1815097375
0!
#1815609375
1!
#1816121375
0!
#1816633375
1!
#1817145375
0!
#1817657375
1!
#1818169375
0!
#1818681375
1!
#1819193375
0!
#1819705375
1!
#1820217375
0!
#1820729375
1!
#1821241375
0!
#1821753375
1!
#1822265375
0!
#1822777375
1!
#1823289375
0!
#1823801375
1!
#1824313375
0!
#1824825375
1!
#1825337375
0!
#1825849375
1!
#1826361375
0!
#1826873375
1!
#1827385375
0!
#1827897375
1!
#1828409375
0!
#1828921375
1!
#1829433375
0!
#1829945375
1!
#1830457375
0!
#1830969375
1!
#1831481375
0!
#1831993375
1!
#1832505375
0!
#1833017375
1!
#1833529375
0!
#1834041375
1!
#1834553375
0!
#1835065375
1!
#1835577375
0!
#1836089375
1!
#1836601375
0!
#1837113375
1!
#1837625375
0!
#1838137375
1!
#1838649375
0!
#1839161375
1!
#1839673375
0!
#1840185375
1!
#1840697375
0!
#1841209375
1!
#1841721375
0!
#1842233375
1!
#1842745375
0!
#1843257375
1!
#1843769375
0!
#1844281375
1!
#1844793375
0!
#1845305375
1!
#1845817375
0!
#1846329375
1!
#1846841375
0!
#1847353375
1!
#1847865375
0!
#1848377375
1!
#1848889375
0!
#1849401375
1!
#1849913375
0!
#1850425375
1!
#1850937375
0!
#1851449375
1!
#1851961375
0!
#1852473375
1!
#1852985375
0!
#1853497375
1!
#1854009375
0!
#1854521375
1!
#1855033375
0!
#1855545375
1!
#1856057375
0!
#1856569375
1!
#1857081375
0!
#1857593375
1!
#1858105375
0!
#1858617375
1!
#1859129375
0!
#1859641375
1!
#1860153375
0!
#1860665375
1!
#1861177375
0!
#1861689375
1!
#1862201375
0!
#1862713375
1!
#1863225375
0!
#1863737375
1!
#1864249375
0!
#1864761375
1!
#1865273375
0!
#1865785375
1!
#1866297375
0!
#1866809375
1!
#1867321375
0!
#1867833375
1!
#1868345375
0!
#1868857375
1!
#1869369375
0!
#1869881375
1!
#1870393375
0!
#1870905375
1!
#1871417375
0!
#1871929375
1!
#1872441375
0!
#1872953375
1!
#1873465375
0!
#1873977375
1!
#1874489375
0!
#1875001375
1!
#1875513375
0!
#1876025375
1!
#1876537375
0!
#1877049375
1!
#1877561375
0!
#1878073375
1!
#1878585375
0!
#1879097375
1!
#1879609375
0!
#1880121375
1!
#1880633375
0!
#1881145375
1!
#1881657375
0!
#1882169375
1!
#1882681375
0!
#1883193375
1!
#1883705375
0!
#1884217375
1!
#1884729375
0!
#1885241375
1!
#1885753375
0!
#1886265375
1!
#1886777375
0!
#1887289375
1!
#1887801375
0!
#1888313375
1!
#1888825375
0!
#1889337375
1!
#1889849375
0!
#1890361375
1!
#1890873375
0!
#1891385375
1!
#1891897375
0!
#1892409375
1!
#1892921375
0!
#1893433375
1!
#1893945375
0!
#1894457375
1!
#1894969375
0!
#1895481375
1!
#1895993375
0!
#1896505375
1!
#1897017375
0!
#1897529375
1!
#1898041375
0!
#1898553375
1!
#1899065375
0!
#1899577375
1!
#1900089375
0!
#1900601375
1!
#1901113375
0!
#1901625375
1!
#1902137375
0!
#1902649375
1!
#1903161375
0!
#1903673375
1!
#1904185375
0!
#1904697375
1!
#1905209375
0!
#1905721375
1!
#1906233375
0!
#1906745375
1!
#1907257375
0!
#1907769375
1!
#1908281375
0!
#1908793375
1!
#1909305375
0!
#1909817375
1!
#1910329375
0!
#1910841375
1!
#1911353375
0!
#1911865375
1!
#1912377375
0!
#1912889375
1!
#1913401375
0!
#1913913375
1!
#1914425375
0!
#1914937375
1!
#1915449375
0!
#1915961375
1!
#1916473375
0!
#1916985375
1!
#1917497375
0!
#1918009375
1!
#1918521375
0!
#1919033375
1!
#1919545375
0!
#1920057375
1!
#1920569375
0!
#1921081375
1!
#1921593375
0!
#1922105375
1!
#1922617375
0!
#1923129375
1!
#1923641375
0!
#1924153375
1!
#1924665375
0!
#1925177375
1!
#1925689375
0!
#1926201375
1!
#1926713375
0!
#1927225375
1!
#1927737375
0!
#1928249375
1!
#1928761375
0!
#1929273375
1!
#1929785375
0!
#1930297375
1!
#1930809375
0!
#1931321375
1!
#1931833375
0!
#1932345375
1!
#1932857375
0!
#1933369375
1!
#1933881375
0!
#1934393375
1!
#1934905375
0!
#1935417375
1!
#1935929375
0!
#1936441375
1!
#1936953375
0!
#1937465375
1!
#1937977375
0!
#1938489375
1!
#1939001375
0!
#1939513375
1!
#1940025375
0!
#1940537375
1!
#1941049375
0!
#1941561375
1!
#1942073375
0!
#1942585375
1!
#1943097375
0!
#1943609375
1!
#1944121375
0!
#1944633375
1!
#1945145375
0!
#1945657375
1!
#1946169375
0!
#1946681375
1!
#1947193375
0!
#1947705375
1!
#1948217375
0!
#1948729375
1!
#1949241375
0!
#1949753375
1!
#1950265375
0!
#1950777375
1!
#1951289375
0!
#1951801375
1!
#1952313375
0!
#1952825375
1!
#1953337375
0!
#1953849375
1!
#1954361375
0!
#1954873375
1!
#1955385375
0!
#1955897375
1!
#1956409375
0!
#1956921375
1!
#1957433375
0!
#1957945375
1!
#1958457375
0!
#1958969375
1!
#1959481375
0!
#1959993375
1!
#1960505375
0!
#1961017375
1!
#1961529375
0!
#1962041375
1!
#1962553375
0!
#1963065375
1!
#1963577375
0!
#1964089375
1!
#1964601375
0!
#1965113375
1!
#1965625375
0!
#1966137375
1!
#1966649375
0!
#1967161375
1!
#1967673375
0!
#1968185375
1!
#1968697375
0!
#1969209375
1!
#1969721375
0!
#1970233375
1!
#1970745375
0!
#1971257375
1!
#1971769375
0!
#1972281375
1!
#1972793375
0!
#1973305375
1!
#1973817375
0!
#1974329375
1!
#1974841375
0!
#1975353375
1!
#1975865375
0!
#1976377375
1!
#1976889375
0!
#1977401375
1!
#1977913375
0!
#1978425375
1!
#1978937375
0!
#1979449375
1!
#1979961375
0!
#1980473375
1!
#1980985375
0!
#1981497375
1!
#1982009375
0!
#1982521375
1!
#1983033375
0!
#1983545375
1!
#1984057375
0!
#1984569375
1!
#1985081375
0!
#1985593375
1!
#1986105375
0!
#1986617375
1!
#1987129375
0!
#1987641375
1!
#1988153375
0!
#1988665375
1!
#1989177375
0!
#1989689375
1!
#1990201375
0!
#1990713375
1!
#1991225375
0!
#1991737375
1!
#1992249375
0!
#1992761375
1!
#1993273375
0!
#1993785375
1!
#1994297375
0!
#1994809375
1!
#1995321375
0!
#1995833375
1!
#1996345375
0!
#1996857375
1!
#1997369375
0!
#1997881375
1!
#1998393375
0!
#1998905375
1!
#1999417375
0!
#1999929375
1!
#2000441374
0!
#2000953375
1!
#2001465375
0!
#2001977375
1!
#2002489375
0!
#2003001375
1!
#2003513374
0!
#2004025375
1!
#2004537375
0!
#2005049375
1!
#2005561375
0!
#2006073375
1!
#2006585374
0!
#2007097374
1!
#2007609375
0!
#2008121375
1!
#2008633375
0!
#2009145375
1!
#2009657375
0!
#2010169374
1!
#2010681375
0!
#2011193375
1!
#2011705375
0!
#2012217375
1!
#2012729375
0!
#2013241375
1!
#2013753374
0!
#2014265375
1!
#2014777375
0!
#2015289375
1!
#2015801375
0!
#2016313375
1!
#2016825374
0!
#2017337374
1!
#2017849375
0!
#2018361375
1!
#2018873375
0!
#2019385375
1!
#2019897375
0!
#2020409374
1!
#2020921375
0!
#2021433375
1!
#2021945375
0!
#2022457375
1!
#2022969375
0!
#2023481374
1!
#2023993374
0!
#2024505375
1!
#2025017375
0!
#2025529375
1!
#2026041375
0!
#2026553375
1!
#2027065374
0!
#2027577375
1!
#2028089375
0!
#2028601375
1!
#2029113375
0!
#2029625375
1!
#2030137374
0!
#2030649374
1!
#2031161375
0!
#2031673375
1!
#2032185375
0!
#2032697375
1!
#2033209375
0!
#2033721374
1!
#2034233375
0!
#2034745375
1!
#2035257375
0!
#2035769375
1!
#2036281375
0!
#2036793374
1!
#2037305374
0!
#2037817375
1!
#2038329375
0!
#2038841375
1!
#2039353375
0!
#2039865375
1!
#2040377374
0!
#2040889375
1!
#2041401375
0!
#2041913375
1!
#2042425375
0!
#2042937375
1!
#2043449374
0!
#2043961374
1!
#2044473375
0!
#2044985375
1!
#2045497375
0!
#2046009375
1!
#2046521375
0!
#2047033374
1!
#2047545375
0!
#2048057375
1!
#2048569375
0!
#2049081375
1!
#2049593375
0!
#2050105374
1!
#2050617374
0!
#2051129375
1!
#2051641375
0!
#2052153375
1!
#2052665375
0!
#2053177375
1!
#2053689374
0!
#2054201375
1!
#2054713375
0!
#2055225375
1!
#2055737375
0!
#2056249375
1!
#2056761374
0!
#2057273374
1!
#2057785375
0!
#2058297375
1!
#2058809375
0!
#2059321375
1!
#2059833375
0!
#2060345374
1!
#2060857374
0!
#2061369375
1!
#2061881375
0!
#2062393375
1!
#2062905375
0!
#2063417375
1!
#2063929374
0!
#2064441375
1!
#2064953375
0!
#2065465375
1!
#2065977375
0!
#2066489375
1!
#2067001374
0!
#2067513374
1!
#2068025375
0!
#2068537375
1!
#2069049375
0!
#2069561375
1!
#2070073375
0!
#2070585374
1!
#2071097375
0!
#2071609375
1!
#2072121375
0!
#2072633375
1!
#2073145375
0!
#2073657374
1!
#2074169374
0!
#2074681375
1!
#2075193375
0!
#2075705375
1!
#2076217375
0!
#2076729375
1!
#2077241374
0!
#2077753375
1!
#2078265375
0!
#2078777375
1!
#2079289375
0!
#2079801375
1!
#2080313374
0!
#2080825374
1!
#2081337375
0!
#2081849375
1!
#2082361375
0!
#2082873375
1!
#2083385375
0!
#2083897374
1!
#2084409375
0!
#2084921375
1!
#2085433375
0!
#2085945375
1!
#2086457375
0!
#2086969374
1!
#2087481374
0!
#2087993375
1!
#2088505375
0!
#2089017375
1!
#2089529375
0!
#2090041375
1!
#2090553374
0!
#2091065375
1!
#2091577375
0!
#2092089375
1!
#2092601375
0!
#2093113375
1!
#2093625374
0!
#2094137374
1!
#2094649375
0!
#2095161375
1!
#2095673375
0!
#2096185375
1!
#2096697375
0!
#2097209374
1!
#2097721375
0!
#2098233375
1!
#2098745375
0!
#2099257375
1!
#2099769375
0!
#2100281374
1!
#2100793374
0!
#2101305375
1!
#2101817375
0!
#2102329375
1!
#2102841375
0!
#2103353375
1!
#2103461062
1"
#2103865374
0!
#2104377375
1!
#2105297375
0!
#2105401375
1!
#2106321374
0!
#2106425375
1!
#2107345375
0!
#2107449374
1!
#2108369375
0!
#2108473375
1!
#2109393374
0!
#2109497375
1!
#2110417375
0!
#2110521374
1!
#2111441375
0!
#2111545375
1!
#2112465375
0!
#2112569375
1!
#2113489375
0!
#2113593375
1!
#2114513375
0!
#2114617375
1!
#2115537375
0!
#2115641375
1!
#2116561374
0!
#2116665375
1!
#2117585375
0!
#2117689374
1!
#2118609375
0!
#2118713375
1!
#2119633374
0!
#2119737375
1!
#2120657375
0!
#2120761374
1!
#2121681375
0!
#2121785375
1!
#2122705374
0!
#2122809375
1!
#2123729375
0!
#2123833374
1!
#2124753375
0!
#2124857375
1!
#2125777375
0!
#2125881375
1!
#2126801375
0!
#2126905375
1!
#2127825375
0!
#2127929375
1!
#2128849375
0!
#2128953375
1!
#2129873374
0!
#2129977375
1!
#2130897375
0!
#2131001374
1!
#2131921375
0!
#2132025375
1!
#2132945374
0!
#2133049375
1!
#2133969375
0!
#2134073374
1!
#2134993375
0!
#2135097375
1!
#2136017375
0!
#2136121375
1!
#2137041375
0!
#2137145374
1!
#2138065375
0!
#2138169375
1!
#2139089375
0!
#2139193375
1!
#2140113374
0!
#2140217375
1!
#2141137375
0!
#2141241375
1!
#2142161375
0!
#2142265375
1!
#2143185374
0!
#2143289375
1!
#2144209375
0!
#2144313374
1!
#2145233375
0!
#2145337375
1!
#2146257374
0!
#2146361375
1!
#2147281375
0!
#2147385374
1!
#2148305375
0!
#2148409375
1!
#2149329375
0!
#2149433375
1!
#2150353375
0!
#2150457375
1!
#2151377375
0!
#2151481375
1!
#2152401375
0!
#2152505375
1!
#2153425375
0!
#2153529375
1!
#2154449375
0!
#2154553375
1!
#2155473375
0!
#2155577375
1!
#2156497375
0!
#2156601375
1!
#2157521375
0!
#2157625375
1!
#2158545375
0!
#2158649375
1!
#2159569375
0!
#2159673375
1!
#2160593375
0!
#2160697375
1!
#2161617375
0!
#2161721375
1!
#2162641375
0!
#2162745375
1!
#2163665375
0!
#2163769375
1!
#2164689375
0!
#2164793375
1!
#2165713375
0!
#2165817375
1!
#2166737375
0!
#2166841375
1!
#2167761375
0!
#2167865375
1!
#2168785375
0!
#2168889375
1!
#2169809375
0!
#2169913375
1!
#2170833375
0!
#2170937375
1!
#2171857375
0!
#2171961375
1!
#2172881375
0!
#2172985375
1!
#2173905375
0!
#2174009375
1!
#2174929375
0!
#2175033375
1!
#2175953375
0!
#2176057375
1!
#2176977375
0!
#2177081375
1!
#2178001375
0!
#2178105375
1!
#2179025375
0!
#2179129375
1!
#2180049375
0!
#2180153375
1!
#2181073375
0!
#2181177375
1!
#2182097375
0!
#2182201375
1!
#2183121375
0!
#2183225375
1!
#2184145375
0!
#2184249375
1!
#2185169375
0!
#2185273375
1!
#2186193375
0!
#2186297375
1!
#2187217375
0!
#2187321375
1!
#2188241375
0!
#2188345375
1!
#2189265375
0!
#2189369375
1!
#2190289375
0!
#2190393375
1!
#2191313375
0!
#2191417375
1!
#2192337375
0!
#2192441375
1!
#2193361375
0!
#2193465375
1!
#2194385375
0!
#2194489375
1!
#2195409375
0!
#2195513375
1!
#2196433375
0!
#2196537375
1!
#2197457375
0!
#2197561375
1!
#2198481375
0!
#2198585375
1!
#2199505375
0!
#2199609375
1!
#2200529375
0!
#2200633375
1!
#2201553375
0!
#2201657375
1!
#2202577375
0!
#2202681375
1!
#2203601375
0!
#2203705375
1!
#2204625375
0!
#2204729375
1!
#2205649375
0!
#2205753375
1!
#2206673375
0!
#2206777375
1!
#2207697375
0!
#2207801375
1!
#2208721375
0!
#2208825375
1!
#2209745375
0!
#2209849375
1!
#2210769375
0!
#2210873375
1!
#2211793375
0!
#2211897375
1!
#2212817375
0!
#2212921375
1!
#2213841375
0!
#2213945375
1!
#2214865375
0!
#2214969375
1!
#2215889375
0!
#2215993375
1!
#2216913375
0!
#2217017375
1!
#2217937375
0!
#2218041375
1!
#2218961375
0!
#2219065375
1!
#2219985375
0!
#2220089375
1!
#2221009375
0!
#2221113375
1!
#2222033375
0!
#2222137375
1!
#2223057375
0!
#2223161375
1!
#2224081375
0!
#2224185375
1!
#2225105375
0!
#2225209375
1!
#2226129375
0!
#2226233375
1!
#2227153375
0!
#2227257375
1!
#2228177375
0!
#2228281375
1!
#2229201375
0!
#2229305375
1!
#2230225375
0!
#2230329375
1!
#2231249375
0!
#2231353375
1!
#2232273375
0!
#2232377375
1!
#2233297375
0!
#2233401375
1!
#2234321375
0!
#2234425375
1!
#2235345375
0!
#2235449375
1!
#2236369375
0!
#2236473375
1!
#2237393375
0!
#2237497375
1!
#2238417375
0!
#2238521375
1!
#2239441375
0!
#2239545375
1!
#2240465375
0!
#2240569375
1!
#2241489375
0!
#2241593375
1!
#2242513375
0!
#2242617375
1!
#2243537375
0!
#2243641375
1!
#2244561375
0!
#2244665375
1!
#2245585375
0!
#2245689375
1!
#2246609375
0!
#2246713375
1!
#2247633375
0!
#2247737375
1!
#2248657375
0!
#2248761375
1!
#2249681375
0!
#2249785375
1!
#2250705375
0!
#2250809375
1!
#2251729375
0!
#2251833375
1!
#2252753375
0!
#2252857375
1!
#2253777375
0!
#2253881375
1!
#2254801375
0!
#2254905375
1!
#2255825375
0!
#2255929375
1!
#2256849375
0!
#2256953375
1!
#2257873375
0!
#2257977375
1!
#2258897375
0!
#2259001375
1!
#2259921375
0!
#2260025375
1!
#2260945375
0!
#2261049375
1!
#2261969375
0!
#2262073375
1!
#2262993375
0!
#2263097375
1!
#2264017375
0!
#2264121375
1!
#2265041375
0!
#2265145375
1!
#2266065375
0!
#2266169375
1!
#2267089375
0!
#2267193375
1!
#2268113375
0!
#2268217375
1!
#2269137375
0!
#2269241375
1!
#2270161375
0!
#2270265375
1!
#2271185375
0!
#2271289375
1!
#2272209375
0!
#2272313375
1!
#2273233375
0!
#2273337375
1!
#2274257375
0!
#2274361375
1!
#2275281375
0!
#2275385375
1!
#2276305375
0!
#2276409375
1!
#2277329375
0!
#2277433375
1!
#2278353375
0!
#2278457375
1!
#2279377375
0!
#2279481375
1!
#2280401375
0!
#2280505375
1!
#2281425375
0!
#2281529375
1!
#2282449375
0!
#2282553375
1!
#2283473375
0!
#2283577375
1!
#2284497375
0!
#2284601375
1!
#2285521375
0!
#2285625375
1!
#2286545375
0!
#2286649375
1!
#2287569375
0!
#2287673375
1!
#2288593375
0!
#2288697375
1!
#2289617375
0!
#2289721375
1!
#2290641375
0!
#2290745375
1!
#2291665375
0!
#2291769375
1!
#2292689375
0!
#2292793375
1!
#2293713375
0!
#2293817375
1!
#2294737375
0!
#2294841375
1!
#2295761375
0!
#2295865375
1!
#2296785375
0!
#2296889375
1!
#2297809375
0!
#2297913375
1!
#2298833375
0!
#2298937375
1!
#2299857375
0!
#2299961375
1!
#2300881375
0!
#2300985375
1!
#2301905375
0!
#2302009375
1!
#2302929375
0!
#2303033375
1!
#2303953375
0!
#2304057375
1!
#2304977375
0!
#2305081375
1!
#2306001375
0!
#2306105375
1!
#2307025375
0!
#2307129375
1!
#2308049375
0!
#2308153375
1!
#2309073375
0!
#2309177375
1!
#2310097375
0!
#2310201375
1!
#2311121375
0!
#2311225375
1!
#2312145375
0!
#2312249375
1!
#2313169375
0!
#2313273375
1!
#2314193375
0!
#2314297375
1!
#2315217375
0!
#2315321375
1!
#2316241375
0!
#2316345375
1!
#2317265375
0!
#2317369375
1!
#2318289375
0!
#2318393375
1!
#2319313375
0!
#2319417375
1!
#2320337375
0!
#2320441375
1!
#2321361375
0!
#2321465375
1!
#2322385375
0!
#2322489375
1!
#2323409375
0!
#2323513375
1!
#2324433375
0!
#2324537375
1!
#2325457375
0!
#2325561375
1!
#2326481375
0!
#2326585375
1!
#2327505375
0!
#2327609375
1!
#2328529375
0!
#2328633375
1!
#2329553375
0!
#2329657375
1!
#2330577375
0!
#2330681375
1!
#2331601375
0!
#2331705375
1!
#2332625375
0!
#2332729375
1!
#2333649375
0!
#2333753375
1!
#2334673375
0!
#2334777375
1!
#2335697375
0!
#2335801375
1!
#2336721375
0!
#2336825375
1!
#2337745375
0!
#2337849375
1!
#2338769375
0!
#2338873375
1!
#2339793375
0!
#2339897375
1!
#2340817375
0!
#2340921375
1!
#2341841375
0!
#2341945375
1!
#2342865375
0!
#2342969375
1!
#2343889375
0!
#2343993375
1!
#2344913375
0!
#2345017375
1!
#2345937375
0!
#2346041375
1!
#2346961375
0!
#2347065375
1!
#2347985375
0!
#2348089375
1!
#2349009375
0!
#2349113375
1!
#2350033375
0!
#2350137375
1!
#2351057375
0!
#2351161375
1!
#2352081375
0!
#2352185375
1!
#2353105375
0!
#2353209375
1!
#2354129375
0!
#2354233375
1!
#2355153375
0!
#2355257375
1!
#2356177375
0!
#2356281375
1!
#2357201375
0!
#2357305375
1!
#2358225375
0!
#2358329375
1!
#2359249375
0!
#2359353375
1!
#2360273375
0!
#2360377375
1!
#2361297375
0!
#2361401375
1!
#2362321375
0!
#2362425375
1!
#2363345375
0!
#2363449375
1!
#2364369375
0!
#2364473375
1!
#2365393375
0!
#2365497375
1!
#2366417375
0!
#2366521375
1!
#2367441375
0!
#2367545375
1!
#2368465375
0!
#2368569375
1!
#2369489375
0!
#2369593375
1!
#2370513375
0!
#2370617375
1!
#2371537375
0!
#2371641375
1!
#2372561375
0!
#2372665375
1!
#2373585375
0!
#2373689375
1!
#2374609375
0!
#2374713375
1!
#2375633375
0!
#2375737375
1!
#2376657375
0!
#2376761375
1!
#2377681375
0!
#2377785375
1!
#2378705375
0!
#2378809375
1!
#2379729375
0!
#2379833375
1!
#2380753375
0!
#2380857375
1!
#2381777375
0!
#2381881375
1!
#2382801375
0!
#2382905375
1!
#2383825375
0!
#2383929375
1!
#2384849375
0!
#2384953375
1!
#2385873375
0!
#2385977375
1!
#2386897375
0!
#2387001375
1!
#2387921375
0!
#2388025375
1!
#2388945375
0!
#2389049375
1!
#2389969375
0!
#2390073375
1!
#2390993375
0!
#2391097375
1!
#2392017375
0!
#2392121375
1!
#2393041375
0!
#2393145375
1!
#2394065375
0!
#2394169375
1!
#2395089375
0!
#2395193375
1!
#2396113375
0!
#2396217375
1!
#2397137375
0!
#2397241375
1!
#2398161375
0!
#2398265375
1!
#2399185375
0!
#2399289375
1!
#2400209375
0!
#2400313375
1!
#2401233375
0!
#2401337375
1!
#2402257375
0!
#2402361375
1!
#2403281375
0!
#2403385375
1!
#2404305375
0!
#2404409375
1!
#2405329375
0!
#2405433375
1!
#2406353375
0!
#2406457375
1!
#2407377375
0!
#2407481375
1!
#2408401375
0!
#2408505375
1!
#2409425375
0!
#2409529375
1!
#2410449375
0!
#2410553375
1!
#2411473375
0!
#2411577375
1!
#2412497375
0!
#2412601375
1!
#2413521375
0!
#2413625375
1!
#2414545375
0!
#2414649375
1!
#2415569375
0!
#2415673375
1!
#2416593375
0!
#2416697375
1!
#2417617375
0!
#2417721375
1!
#2418641375
0!
#2418745375
1!
#2419665375
0!
#2419769375
1!
#2420689375
0!
#2420793375
1!
#2421713375
0!
#2421817375
1!
#2422737375
0!
#2422841375
1!
#2423761375
0!
#2423865375
1!
#2424785375
0!
#2424889375
1!
#2425809375
0!
#2425913375
1!
#2426833375
0!
#2426937375
1!
#2427857375
0!
#2427961375
1!
#2428881375
0!
#2428985375
1!
#2429905375
0!
#2430009375
1!
#2430929375
0!
#2431033375
1!
#2431953375
0!
#2432057375
1!
#2432977375
0!
#2433081375
1!
#2434001375
0!
#2434105375
1!
#2435025375
0!
#2435129375
1!
#2436049375
0!
#2436153375
1!
#2437073375
0!
#2437177375
1!
#2438097375
0!
#2438201375
1!
#2439121375
0!
#2439225375
1!
#2440145375
0!
#2440249375
1!
#2441169375
0!
#2441273375
1!
#2442193375
0!
#2442297375
1!
#2443217375
0!
#2443321375
1!
#2444241375
0!
#2444345375
1!
#2445265375
0!
#2445369375
1!
#2446289375
0!
#2446393375
1!
#2447313375
0!
#2447417375
1!
#2448337375
0!
#2448441375
1!
#2449361375
0!
#2449465375
1!
#2450385375
0!
#2450489375
1!
#2451409375
0!
#2451513375
1!
#2452433375
0!
#2452537375
1!
#2453457375
0!
#2453561375
1!
#2454481375
0!
#2454585375
1!
#2455505375
0!
#2455609375
1!
#2456529375
0!
#2456633375
1!
#2457553375
0!
#2457657375
1!
#2458577375
0!
#2458681375
1!
#2459601375
0!
#2459705375
1!
#2460625375
0!
#2460729375
1!
#2461649375
0!
#2461753375
1!
#2462673375
0!
#2462777375
1!
#2463697375
0!
#2463801375
1!
#2464721375
0!
#2464825375
1!
#2465745375
0!
#2465849375
1!
#2466769375
0!
#2466873375
1!
#2467793375
0!
#2467897375
1!
#2468817375
0!
#2468921375
1!
#2469841375
0!
#2469945375
1!
#2470865375
0!
#2470969375
1!
#2471889375
0!
#2471993375
1!
#2472913375
0!
#2473017375
1!
#2473937375
0!
#2474041375
1!
#2474961375
0!
#2475065375
1!
#2475985375
0!
#2476089375
1!
#2477009375
0!
#2477113375
1!
#2478033375
0!
#2478137375
1!
#2479057375
0!
#2479161375
1!
#2480081375
0!
#2480185375
1!
#2481105375
0!
#2481209375
1!
#2482129375
0!
#2482233375
1!
#2483153375
0!
#2483257375
1!
#2484177375
0!
#2484281375
1!
#2485201375
0!
#2485305375
1!
#2486225375
0!
#2486329375
1!
#2487249375
0!
#2487353375
1!
#2488273375
0!
#2488377375
1!
#2489297375
0!
#2489401375
1!
#2490321375
0!
#2490425375
1!
#2491345375
0!
#2491449375
1!
#2492369375
0!
#2492473375
1!
#2493393375
0!
#2493497375
1!
#2494417375
0!
#2494521375
1!
#2495441375
0!
#2495545375
1!
#2496465375
0!
#2496569375
1!
#2497489375
0!
#2497593375
1!
#2498513375
0!
#2498617375
1!
#2499537375
0!
#2499641375
1!
#2500561375
0!
#2500665375
1!
#2501585375
0!
#2501689375
1!
#2502609375
0!
#2502713375
1!
#2503633375
0!
#2503737375
1!
#2504657375
0!
#2504761375
1!
#2505681375
0!
#2505785375
1!
#2506705375
0!
#2506809375
1!
#2507729375
0!
#2507833375
1!
#2508753375
0!
#2508857375
1!
#2509777375
0!
#2509881375
1!
#2510801375
0!
#2510905375
1!
#2511825375
0!
#2511929375
1!
#2512849375
0!
#2512953375
1!
#2513873375
0!
#2513977375
1!
#2514897375
0!
#2515001375
1!
#2515921375
0!
#2516025375
1!
#2516945375
0!
#2517049375
1!
#2517969375
0!
#2518073375
1!
#2518993375
0!
#2519097375
1!
#2520017375
0!
#2520121375
1!
#2521041375
0!
#2521145375
1!
#2522065375
0!
#2522169375
1!
#2523089375
0!
#2523193375
1!
#2524113375
0!
#2524217375
1!
#2525137375
0!
#2525241375
1!
#2526161375
0!
#2526265375
1!
#2527185375
0!
#2527289375
1!
#2528209375
0!
#2528313375
1!
#2529233375
0!
#2529337375
1!
#2530257375
0!
#2530361375
1!
#2531281375
0!
#2531385375
1!
#2532305375
0!
#2532409375
1!
#2533329375
0!
#2533433375
1!
#2534353375
0!
#2534457375
1!
#2535377375
0!
#2535481375
1!
#2536401375
0!
#2536505375
1!
#2537425375
0!
#2537529375
1!
#2538449375
0!
#2538553375
1!
#2539473375
0!
#2539577375
1!
#2540497375
0!
#2540601375
1!
#2541521375
0!
#2541625375
1!
#2542545375
0!
#2542649375
1!
#2543569375
0!
#2543673375
1!
#2544593375
0!
#2544697375
1!
#2545617375
0!
#2545721375
1!
#2546641375
0!
#2546745375
1!
#2547665375
0!
#2547769375
1!
#2548689375
0!
#2548793375
1!
#2549713375
0!
#2549817375
1!
#2550737375
0!
#2550841375
1!
#2551761375
0!
#2551865375
1!
#2552785375
0!
#2552889375
1!
#2553809375
0!
#2553913375
1!
#2554833375
0!
#2554937375
1!
#2555857375
0!
#2555961375
1!
#2556881375
0!
#2556985375
1!
#2557905375
0!
#2558009375
1!
#2558929375
0!
#2559033375
1!
#2559953375
0!
#2560057375
1!
#2560977375
0!
#2561081375
1!
#2562001375
0!
#2562105375
1!
#2563025375
0!
#2563129375
1!
#2564049375
0!
#2564153375
1!
#2565073375
0!
#2565177375
1!
#2566097375
0!
#2566201375
1!
#2567121375
0!
#2567225375
1!
#2568145375
0!
#2568249375
1!
#2569169375
0!
#2569273375
1!
#2570193375
0!
#2570297375
1!
#2571217375
0!
#2571321375
1!
#2572241375
0!
#2572345375
1!
#2573265375
0!
#2573369375
1!
#2574289375
0!
#2574393375
1!
#2575313375
0!
#2575417375
1!
#2576337375
0!
#2576441375
1!
#2577361375
0!
#2577465375
1!
#2578385375
0!
#2578489375
1!
#2579409375
0!
#2579513375
1!
#2580433375
0!
#2580537375
1!
#2581457375
0!
#2581561375
1!
#2582481375
0!
#2582585375
1!
#2583505375
0!
#2583609375
1!
#2584529375
0!
#2584633375
1!
#2585553375
0!
#2585657375
1!
#2586577375
0!
#2586681375
1!
#2587601375
0!
#2587705375
1!
#2588625375
0!
#2588729375
1!
#2589649375
0!
#2589753375
1!
#2590673375
0!
#2590777375
1!
#2591697375
0!
#2591801375
1!
#2592721375
0!
#2592825375
1!
#2593745375
0!
#2593849375
1!
#2594769375
0!
#2594873375
1!
#2595793375
0!
#2595897375
1!
#2596817375
0!
#2596921375
1!
#2597841375
0!
#2597945375
1!
#2598865375
0!
#2598969375
1!
#2599889375
0!
#2599993375
1!
#2600913375
0!
#2601017375
1!
#2601937375
0!
#2602041375
1!
#2602961375
0!
#2603065375
1!
#2603985375
0!
#2604089375
1!
#2605009375
0!
#2605113375
1!
#2606033375
0!
#2606137375
1!
#2607057375
0!
#2607161375
1!
#2608081375
0!
#2608185375
1!
#2609105375
0!
#2609209375
1!
#2610129375
0!
#2610233375
1!
#2611153375
0!
#2611257375
1!
#2612177375
0!
#2612281375
1!
#2613201375
0!
#2613305375
1!
#2614225375
0!
#2614329375
1!
#2615249375
0!
#2615353375
1!
#2616273375
0!
#2616377375
1!
#2617297375
0!
#2617401375
1!
#2618321375
0!
#2618425375
1!
#2619345375
0!
#2619449375
1!
#2620369375
0!
#2620473375
1!
#2621393375
0!
#2621497375
1!
#2622417375
0!
#2622521375
1!
#2623441375
0!
#2623545375
1!
#2624465375
0!
#2624569375
1!
#2625489375
0!
#2625593375
1!
#2626513375
0!
#2626617375
1!
#2627537375
0!
#2627641375
1!
#2628561375
0!
#2628665375
1!
#2629585375
0!
#2629689375
1!
#2630609375
0!
#2630713375
1!
#2631633375
0!
#2631737375
1!
#2632657375
0!
#2632761375
1!
#2633681375
0!
#2633785375
1!
#2634705375
0!
#2634809375
1!
#2635729375
0!
#2635833375
1!
#2636753375
0!
#2636857375
1!
#2637777375
0!
#2637881375
1!
#2638801375
0!
#2638905375
1!
#2639825375
0!
#2639929375
1!
#2640849375
0!
#2640953375
1!
#2641873375
0!
#2641977375
1!
#2642897375
0!
#2643001375
1!
#2643921375
0!
#2644025375
1!
#2644945375
0!
#2645049375
1!
#2645969375
0!
#2646073375
1!
#2646993375
0!
#2647097375
1!
#2648017375
0!
#2648121375
1!
#2649041375
0!
#2649145375
1!
#2650065375
0!
#2650169375
1!
#2651089375
0!
#2651193375
1!
#2652113375
0!
#2652217375
1!
#2653137375
0!
#2653241375
1!
#2654161375
0!
#2654265375
1!
#2655185375
0!
#2655289375
1!
#2656209375
0!
#2656313375
1!
#2657233375
0!
#2657337375
1!
#2658257375
0!
#2658361375
1!
#2659281375
0!
#2659385375
1!
#2660305375
0!
#2660409375
1!
#2661329375
0!
#2661433375
1!
#2662353375
0!
#2662457375
1!
#2663377375
0!
#2663481375
1!
#2664401375
0!
#2664505375
1!
#2665425375
0!
#2665529375
1!
#2666449375
0!
#2666553375
1!
#2667473375
0!
#2667577375
1!
#2668497375
0!
#2668601375
1!
#2669521375
0!
#2669625375
1!
#2670545375
0!
#2670649375
1!
#2671569375
0!
#2671673375
1!
#2672593375
0!
#2672697375
1!
#2673617375
0!
#2673721375
1!
#2674641375
0!
#2674745375
1!
#2675665375
0!
#2675769375
1!
#2676689375
0!
#2676793375
1!
#2677713375
0!
#2677817375
1!
#2678737375
0!
#2678841375
1!
#2679761375
0!
#2679865375
1!
#2680785375
0!
#2680889375
1!
#2681809375
0!
#2681913375
1!
#2682833375
0!
#2682937375
1!
#2683857375
0!
#2683961375
1!
#2684881375
0!
#2684985375
1!
#2685905375
0!
#2686009375
1!
#2686929375
0!
#2687033375
1!
#2687953375
0!
#2688057375
1!
#2688977375
0!
#2689081375
1!
#2690001375
0!
#2690105375
1!
#2691025375
0!
#2691129375
1!
#2692049375
0!
#2692153375
1!
#2693073375
0!
#2693177375
1!
#2694097375
0!
#2694201375
1!
#2695121375
0!
#2695225375
1!
#2696145375
0!
#2696249375
1!
#2697169375
0!
#2697273375
1!
#2698193375
0!
#2698297375
1!
#2699217375
0!
#2699321375
1!
#2700241375
0!
#2700345375
1!
#2701265375
0!
#2701369375
1!
#2702289375
0!
#2702393375
1!
#2703313375
0!
#2703417375
1!
#2704337375
0!
#2704441375
1!
#2705361375
0!
#2705465375
1!
#2706385375
0!
#2706489375
1!
#2707409375
0!
#2707513375
1!
#2708433375
0!
#2708537375
1!
#2709457375
0!
#2709561375
1!
#2710481375
0!
#2710585375
1!
#2711505375
0!
#2711609375
1!
#2712529375
0!
#2712633375
1!
#2713553375
0!
#2713657375
1!
#2714577375
0!
#2714681375
1!
#2715601375
0!
#2715705375
1!
#2716625375
0!
#2716729375
1!
#2717649375
0!
#2717753375
1!
#2718673375
0!
#2718777375
1!
#2719697375
0!
#2719801375
1!
#2720721375
0!
#2720825375
1!
#2721745375
0!
#2721849375
1!
#2722769375
0!
#2722873375
1!
#2723793375
0!
#2723897375
1!
#2724817375
0!
#2724921375
1!
#2725841375
0!
#2725945375
1!
#2726865375
0!
#2726969375
1!
#2727889375
0!
#2727993375
1!
#2728913375
0!
#2729017375
1!
#2729937375
0!
#2730041375
1!
#2730961375
0!
#2731065375
1!
#2731985375
0!
#2732089375
1!
#2733009375
0!
#2733113375
1!
#2734033375
0!
#2734137375
1!
#2735057375
0!
#2735161375
1!
#2736081375
0!
#2736185375
1!
#2737105375
0!
#2737209375
1!
#2738129375
0!
#2738233375
1!
#2739153375
0!
#2739257375
1!
#2740177375
0!
#2740281375
1!
#2741201375
0!
#2741305375
1!
#2742225375
0!
#2742329375
1!
#2743249375
0!
#2743353375
1!
#2744273375
0!
#2744377375
1!
#2745297375
0!
#2745401375
1!
#2746321375
0!
#2746425375
1!
#2747345375
0!
#2747449375
1!
#2748369375
0!
#2748473375
1!
#2749393375
0!
#2749497375
1!
#2750417375
0!
#2750521375
1!
#2751441375
0!
#2751545375
1!
#2752465375
0!
#2752569375
1!
#2753489375
0!
#2753593375
1!
#2754513375
0!
#2754617375
1!
#2755537375
0!
#2755641375
1!
#2756561375
0!
#2756665375
1!
#2757585375
0!
#2757689375
1!
#2758609375
0!
#2758713375
1!
#2759633375
0!
#2759737375
1!
#2760657375
0!
#2760761375
1!
#2761681375
0!
#2761785375
1!
#2762705375
0!
#2762809375
1!
#2763729375
0!
#2763833375
1!
#2764753375
0!
#2764857375
1!
#2765777375
0!
#2765881375
1!
#2766801375
0!
#2766905375
1!
#2767825375
0!
#2767929375
1!
#2768849375
0!
#2768953375
1!
#2769873375
0!
#2769977375
1!
#2770897375
0!
#2771001375
1!
#2771921375
0!
#2772025375
1!
#2772945375
0!
#2773049375
1!
#2773969375
0!
#2774073375
1!
#2774993375
0!
#2775097375
1!
#2776017375
0!
#2776121375
1!
#2777041375
0!
#2777145375
1!
#2778065375
0!
#2778169375
1!
#2779089375
0!
#2779193375
1!
#2780113375
0!
#2780217375
1!
#2781137375
0!
#2781241375
1!
#2782161375
0!
#2782265375
1!
#2783185375
0!
#2783289375
1!
#2784209375
0!
#2784313375
1!
#2785233375
0!
#2785337375
1!
#2786257375
0!
#2786361375
1!
#2787281375
0!
#2787385375
1!
#2788305375
0!
#2788409375
1!
#2789329375
0!
#2789433375
1!
#2790353375
0!
#2790457375
1!
#2791377375
0!
#2791481375
1!
#2792401375
0!
#2792505375
1!
#2793425375
0!
#2793529375
1!
#2794449375
0!
#2794553375
1!
#2795473375
0!
#2795577375
1!
#2796497375
0!
#2796601375
1!
#2797521375
0!
#2797625375
1!
#2798545375
0!
#2798649375
1!
#2799569375
0!
#2799673375
1!
#2800593375
0!
#2800697375
1!
#2801617375
0!
#2801721375
1!
#2802641375
0!
#2802745375
1!
#2803665375
0!
#2803769375
1!
#2804689375
0!
#2804793375
1!
#2805713375
0!
#2805817375
1!
#2806737375
0!
#2806841375
1!
#2807761375
0!
#2807865375
1!
#2808785375
0!
#2808889375
1!
#2809809375
0!
#2809913375
1!
#2810833375
0!
#2810937375
1!
#2811857375
0!
#2811961375
1!
#2812881375
0!
#2812985375
1!
#2813905375
0!
#2814009375
1!
#2814929375
0!
#2815033375
1!
#2815953375
0!
#2816057375
1!
#2816977375
0!
#2817081375
1!
#2818001375
0!
#2818105375
1!
#2819025375
0!
#2819129375
1!
#2820049375
0!
#2820153375
1!
#2821073375
0!
#2821177375
1!
#2822097375
0!
#2822201375
1!
#2823121375
0!
#2823225375
1!
#2824145375
0!
#2824249375
1!
#2825169375
0!
#2825273375
1!
#2826193375
0!
#2826297375
1!
#2827217375
0!
#2827321375
1!
#2828241375
0!
#2828345375
1!
#2829265375
0!
#2829369375
1!
#2830289375
0!
#2830393375
1!
#2831313375
0!
#2831417375
1!
#2832337375
0!
#2832441375
1!
#2833361375
0!
#2833465375
1!
#2834385375
0!
#2834489375
1!
#2835409375
0!
#2835513375
1!
#2836433375
0!
#2836537375
1!
#2837457375
0!
#2837561375
1!
#2838481375
0!
#2838585375
1!
#2839505375
0!
#2839609375
1!
#2840529375
0!
#2840633375
1!
#2841553375
0!
#2841657375
1!
#2842577375
0!
#2842681375
1!
#2843601375
0!
#2843705375
1!
#2844625375
0!
#2844729375
1!
#2845649375
0!
#2845753375
1!
#2846673375
0!
#2846777375
1!
#2847697375
0!
#2847801375
1!
#2848721375
0!
#2848825375
1!
#2849745375
0!
#2849849375
1!
#2850769375
0!
#2850873375
1!
#2851793375
0!
#2851897375
1!
#2852817375
0!
#2852921375
1!
#2853841375
0!
#2853945375
1!
#2854865375
0!
#2854969375
1!
#2855889375
0!
#2855993375
1!
#2856913375
0!
#2857017375
1!
#2857937375
0!
#2858041375
1!
#2858961375
0!
#2859065375
1!
#2859985375
0!
#2860089375
1!
#2861009375
0!
#2861113375
1!
#2862033375
0!
#2862137375
1!
#2863057375
0!
#2863161375
1!
#2864081375
0!
#2864185375
1!
#2865105375
0!
#2865209375
1!
#2866129375
0!
#2866233375
1!
#2867153375
0!
#2867257375
1!
#2868177375
0!
#2868281375
1!
#2869201375
0!
#2869305375
1!
#2870225375
0!
#2870329375
1!
#2871249375
0!
#2871353375
1!
#2872273375
0!
#2872377375
1!
#2873297375
0!
#2873401375
1!
#2874321375
0!
#2874425375
1!
#2875345375
0!
#2875449375
1!
#2876369375
0!
#2876473375
1!
#2877393375
0!
#2877497375
1!
#2878417375
0!
#2878521375
1!
#2879441375
0!
#2879545375
1!
#2880465375
0!
#2880569375
1!
#2881489375
0!
#2881593375
1!
#2882513375
0!
#2882617375
1!
#2883537375
0!
#2883641375
1!
#2884561375
0!
#2884665375
1!
#2885585375
0!
#2885689375
1!
#2886609375
0!
#2886713375
1!
#2887633375
0!
#2887737375
1!
#2888657375
0!
#2888761375
1!
#2889681375
0!
#2889785375
1!
#2890705375
0!
#2890809375
1!
#2891729375
0!
#2891833375
1!
#2892753375
0!
#2892857375
1!
#2893777375
0!
#2893881375
1!
#2894801375
0!
#2894905375
1!
#2895825375
0!
#2895929375
1!
#2896849375
0!
#2896953375
1!
#2897873375
0!
#2897977375
1!
#2898897375
0!
#2899001375
1!
#2899921375
0!
#2900025375
1!
#2900945375
0!
#2901049375
1!
#2901969375
0!
#2902073375
1!
#2902993375
0!
#2903097375
1!
#2904017375
0!
#2904121375
1!
#2905041375
0!
#2905145375
1!
#2906065375
0!
#2906169375
1!
#2907089375
0!
#2907193375
1!
#2908113375
0!
#2908217375
1!
#2909137375
0!
#2909241375
1!
#2910161375
0!
#2910265375
1!
#2911185375
0!
#2911289375
1!
#2912209375
0!
#2912313375
1!
#2913233375
0!
#2913337375
1!
#2914257375
0!
#2914361375
1!
#2915281375
0!
#2915385375
1!
#2916305375
0!
#2916409375
1!
#2917329375
0!
#2917433375
1!
#2918353375
0!
#2918457375
1!
#2919377375
0!
#2919481375
1!
#2920401375
0!
#2920505375
1!
#2921425375
0!
#2921529375
1!
#2922449375
0!
#2922553375
1!
#2923473375
0!
#2923577375
1!
#2924497375
0!
#2924601375
1!
#2925521375
0!
#2925625375
1!
#2926545375
0!
#2926649375
1!
#2927569375
0!
#2927673375
1!
#2928593375
0!
#2928697375
1!
#2929617375
0!
#2929721375
1!
#2930641375
0!
#2930745375
1!
#2931665375
0!
#2931769375
1!
#2932689375
0!
#2932793375
1!
#2933713375
0!
#2933817375
1!
#2934737375
0!
#2934841375
1!
#2935761375
0!
#2935865375
1!
#2936785375
0!
#2936889375
1!
#2937809375
0!
#2937913375
1!
#2938833375
0!
#2938937375
1!
#2939857375
0!
#2939961375
1!
#2940881375
0!
#2940985375
1!
#2941905375
0!
#2942009375
1!
#2942929375
0!
#2943033375
1!
#2943953375
0!
#2944057375
1!
#2944977375
0!
#2945081375
1!
#2946001375
0!
#2946105375
1!
#2947025375
0!
#2947129375
1!
#2948049375
0!
#2948153375
1!
#2949073375
0!
#2949177375
1!
#2950097375
0!
#2950201375
1!
#2951121375
0!
#2951225375
1!
#2952145375
0!
#2952249375
1!
#2953169375
0!
#2953273375
1!
#2954193375
0!
#2954297375
1!
#2955217375
0!
#2955321375
1!
#2956241375
0!
#2956345375
1!
#2957265375
0!
#2957369375
1!
#2958289375
0!
#2958393375
1!
#2959313375
0!
#2959417375
1!
#2960337375
0!
#2960441375
1!
#2961361375
0!
#2961465375
1!
#2962385375
0!
#2962489375
1!
#2963409375
0!
#2963513375
1!
#2964433375
0!
#2964537375
1!
#2965457375
0!
#2965561375
1!
#2966481375
0!
#2966585375
1!
#2967505375
0!
#2967609375
1!
#2968529375
0!
#2968633375
1!
#2969553375
0!
#2969657375
1!
#2970577375
0!
#2970681375
1!
#2971601375
0!
#2971705375
1!
#2972625375
0!
#2972729375
1!
#2973649375
0!
#2973753375
1!
#2974673375
0!
#2974777375
1!
#2975697375
0!
#2975801375
1!
#2976721375
0!
#2976825375
1!
#2977745375
0!
#2977849375
1!
#2978769375
0!
#2978873375
1!
#2979793375
0!
#2979897375
1!
#2980817375
0!
#2980921375
1!
#2981841375
0!
#2981945375
1!
#2982865375
0!
#2982969375
1!
#2983889375
0!
#2983993375
1!
#2984913375
0!
#2985017375
1!
#2985937375
0!
#2986041375
1!
#2986961375
0!
#2987065375
1!
#2987985375
0!
#2988089375
1!
#2989009375
0!
#2989113375
1!
#2990033375
0!
#2990137375
1!
#2991057375
0!
#2991161375
1!
#2992081375
0!
#2992185375
1!
#2993105375
0!
#2993209375
1!
#2994129375
0!
#2994233375
1!
#2995153375
0!
#2995257375
1!
#2996177375
0!
#2996281375
1!
#2997201375
0!
#2997305375
1!
#2998225375
0!
#2998329375
1!
#2999249375
0!
#2999353375
1!
#3000273375
0!
#3000377375
1!
#3001297375
0!
#3001401375
1!
#3002321375
0!
#3002425375
1!
#3003345375
0!
#3003449375
1!
#3004369375
0!
#3004473375
1!
#3005393375
0!
#3005497375
1!
#3006417375
0!
#3006521375
1!
#3007441375
0!
#3007545375
1!
#3008465375
0!
#3008569375
1!
#3009489375
0!
#3009593375
1!
#3010513375
0!
#3010617375
1!
#3011537375
0!
#3011641375
1!
#3012561375
0!
#3012665375
1!
#3013585375
0!
#3013689375
1!
#3014609375
0!
#3014713375
1!
#3015633375
0!
#3015737375
1!
#3016657375
0!
#3016761375
1!
#3017681375
0!
#3017785375
1!
#3018705375
0!
#3018809375
1!
#3019729375
0!
#3019833375
1!
#3020753375
0!
#3020857375
1!
#3021777375
0!
#3021881375
1!
#3022801375
0!
#3022905375
1!
#3023825375
0!
#3023929375
1!
#3024849375
0!
#3024953375
1!
#3025873375
0!
#3025977375
1!
#3026897375
0!
#3027001375
1!
#3027921375
0!
#3028025375
1!
#3028945375
0!
#3029049375
1!
#3029969375
0!
#3030073375
1!
#3030993375
0!
#3031097375
1!
#3032017375
0!
#3032121375
1!
#3033041375
0!
#3033145375
1!
#3034065375
0!
#3034169375
1!
#3035089375
0!
#3035193375
1!
#3036113375
0!
#3036217375
1!
#3037137375
0!
#3037241375
1!
#3038161375
0!
#3038265375
1!
#3039185375
0!
#3039289375
1!
#3040209375
0!
#3040313375
1!
#3041233375
0!
#3041337375
1!
#3042257375
0!
#3042361375
1!
#3043281375
0!
#3043385375
1!
#3044305375
0!
#3044409375
1!
#3045329375
0!
#3045433375
1!
#3046353375
0!
#3046457375
1!
#3047377375
0!
#3047481375
1!
#3048401375
0!
#3048505375
1!
#3049425375
0!
#3049529375
1!
#3050449375
0!
#3050553375
1!
#3051473375
0!
#3051577375
1!
#3052497375
0!
#3052601375
1!
#3053521375
0!
#3053625375
1!
#3054545375
0!
#3054649375
1!
#3055569375
0!
#3055673375
1!
#3056593375
0!
#3056697375
1!
#3057617375
0!
#3057721375
1!
#3058641375
0!
#3058745375
1!
#3059665375
0!
#3059769375
1!
#3060689375
0!
#3060793375
1!
#3061713375
0!
#3061817375
1!
#3062737375
0!
#3062841375
1!
#3063761375
0!
#3063865375
1!
#3064785375
0!
#3064889375
1!
#3065809375
0!
#3065913375
1!
#3066833375
0!
#3066937375
1!
#3067857375
0!
#3067961375
1!
#3068881375
0!
#3068985375
1!
#3069905375
0!
#3070009375
1!
#3070929375
0!
#3071033375
1!
#3071953375
0!
#3072057375
1!
#3072977375
0!
#3073081375
1!
#3074001375
0!
#3074105375
1!
#3075025375
0!
#3075129375
1!
#3076049375
0!
#3076153375
1!
#3077073375
0!
#3077177375
1!
#3078097375
0!
#3078201375
1!
#3079121375
0!
#3079225375
1!
#3080145375
0!
#3080249375
1!
#3081169375
0!
#3081273375
1!
#3082193375
0!
#3082297375
1!
#3083217375
0!
#3083321375
1!
#3084241375
0!
#3084345375
1!
#3085265375
0!
#3085369375
1!
#3086289375
0!
#3086393375
1!
#3087313375
0!
#3087417375
1!
#3088337375
0!
#3088441375
1!
#3089361375
0!
#3089465375
1!
#3090385375
0!
#3090489375
1!
#3091409375
0!
#3091513375
1!
#3092433375
0!
#3092537375
1!
#3093457375
0!
#3093561375
1!
#3094481375
0!
#3094585375
1!
#3095505375
0!
#3095609375
1!
#3096529375
0!
#3096633375
1!
#3097553375
0!
#3097657375
1!
#3098577375
0!
#3098681375
1!
#3099601375
0!
#3099705375
1!
#3100625375
0!
#3100729375
1!
#3101649375
0!
#3101753375
1!
#3102673375
0!
#3102777375
1!
#3103697375
0!
#3103801375
1!
#3104721375
0!
#3104825375
1!
#3105745375
0!
#3105849375
1!
#3106769375
0!
#3106873375
1!
#3107793375
0!
#3107897375
1!
#3108817375
0!
#3108921375
1!
#3109841375
0!
#3109945375
1!
#3110865375
0!
#3110969375
1!
#3111889375
0!
#3111993375
1!
#3112913375
0!
#3113017375
1!
#3113937375
0!
#3114041375
1!
#3114961375
0!
#3115065375
1!
#3115985375
0!
#3116089375
1!
#3117009375
0!
#3117113375
1!
#3118033375
0!
#3118137375
1!
#3119057375
0!
#3119161375
1!
#3120081375
0!
#3120185375
1!
#3121105375
0!
#3121209375
1!
#3122129375
0!
#3122233375
1!
#3123153375
0!
#3123257375
1!
#3124177375
0!
#3124281375
1!
#3125201375
0!
#3125305375
1!
#3126225375
0!
#3126329375
1!
#3127249375
0!
#3127353375
1!
#3128273375
0!
#3128377375
1!
#3129297375
0!
#3129401375
1!
#3130321375
0!
#3130425375
1!
#3131345375
0!
#3131449375
1!
#3132369375
0!
#3132473375
1!
#3133393375
0!
#3133497375
1!
#3134417375
0!
#3134521375
1!
#3135389375
0"
#3135441375
0!
#3135545375
1!
#3135649375
0!
#3136569375
1!
#3136673375
0!
#3137593375
1!
#3137697375
0!
#3138617375
1!
#3138721375
0!
#3139641375
1!
#3139745375
0!
#3140665375
1!
#3140769375
0!
#3141689375
1!
#3141793375
0!
#3142713375
1!
#3142817375
0!
#3143737375
1!
#3143841375
0!
#3144761375
1!
#3144865375
0!
#3145785375
1!
#3145889375
0!
#3146809375
1!
#3146913375
0!
#3147833375
1!
#3147937375
0!
#3148857375
1!
#3148961375
0!
#3149881375
1!
#3149985375
0!
#3150905375
1!
#3151009375
0!
#3151929375
1!
#3152033375
0!
#3152953375
1!
#3153057375
0!
#3153977375
1!
#3154081375
0!
#3155001375
1!
#3155105375
0!
#3156025375
1!
#3156129375
0!
#3157049375
1!
#3157153375
0!
#3158073375
1!
#3158177375
0!
#3159097375
1!
#3159201375
0!
#3160121375
1!
#3160225375
0!
#3161145375
1!
#3161249375
0!
#3162169375
1!
#3162273375
0!
#3163193375
1!
#3163297375
0!
#3164217375
1!
#3164321375
0!
#3165241375
1!
#3165345375
0!
#3166265375
1!
#3166369375
0!
#3167289375
1!
#3167393375
0!
#3168313375
1!
#3168417375
0!
#3169337375
1!
#3169441375
0!
#3170361375
1!
#3170465375
0!
#3171385375
1!
#3171489375
0!
#3172409375
1!
#3172513375
0!
#3173433375
1!
#3173537375
0!
#3174457375
1!
#3174561375
0!
#3175481375
1!
#3175585375
0!
#3176505375
1!
#3176609375
0!
#3177529375
1!
#3177633375
0!
#3178553375
1!
#3178657375
0!
#3179577375
1!
#3179681375
0!
#3180601375
1!
#3180705375
0!
#3181625375
1!
#3181729375
0!
#3182649375
1!
#3182753375
0!
#3183673375
1!
#3183777375
0!
#3184697375
1!
#3184801375
0!
#3185721375
1!
#3185825375
0!
#3186745375
1!
#3186849375
0!
#3187769375
1!
#3187873375
0!
#3188793375
1!
#3188897375
0!
#3189817375
1!
#3189921375
0!
#3190841375
1!
#3190945375
0!
#3191865375
1!
#3191969375
0!
#3192889375
1!
#3192993375
0!
#3193913375
1!
#3194017375
0!
#3194937375
1!
#3195041375
0!
#3195961375
1!
#3196065375
0!
#3196985375
1!
#3197089375
0!
#3198009375
1!
#3198113375
0!
#3199033375
1!
#3199137375
0!
#3200057375
1!
#3200161375
0!
#3201081375
1!
#3201185375
0!
#3202105375
1!
#3202209375
0!
#3203129375
1!
#3203233375
0!
#3204153375
1!
#3204257375
0!
#3205177375
1!
#3205281375
0!
#3206201375
1!
#3206305375
0!
#3207225375
1!
#3207329375
0!
#3208249375
1!
#3208353375
0!
#3209273375
1!
#3209377375
0!
#3210297375
1!
#3210401375
0!
#3211321375
1!
#3211425375
0!
#3212345375
1!
#3212449375
0!
#3213369375
1!
#3213473375
0!
#3214393375
1!
#3214497375
0!
#3215417375
1!
#3215521375
0!
#3216441375
1!
#3216545375
0!
#3217465375
1!
#3217569375
0!
#3218489375
1!
#3218593375
0!
#3219513375
1!
#3219617375
0!
#3220537375
1!
#3220641375
0!
#3221561375
1!
#3221665375
0!
#3222585375
1!
#3222689375
0!
#3223609375
1!
#3223713375
0!
#3224633375
1!
#3224737375
0!
#3225657375
1!
#3225761375
0!
#3226681375
1!
#3226785375
0!
#3227705375
1!
#3227809375
0!
#3228729375
1!
#3228833375
0!
#3229753375
1!
#3229857375
0!
#3230777375
1!
#3230881375
0!
#3231801375
1!
#3231905375
0!
#3232825375
1!
#3232929375
0!
#3233849375
1!
#3233953375
0!
#3234873375
1!
#3234977375
0!
#3235897375
1!
#3236001375
0!
#3236921375
1!
#3237025375
0!
#3237945375
1!
#3238049375
0!
#3238969375
1!
#3239073375
0!
#3239993375
1!
#3240097375
0!
#3241017375
1!
#3241121375
0!
#3242041375
1!
#3242145375
0!
#3243065375
1!
#3243169375
0!
#3244089375
1!
#3244193375
0!
#3245113375
1!
#3245217375
0!
#3246137375
1!
#3246241375
0!
#3247161375
1!
#3247265375
0!
#3248185375
1!
#3248289375
0!
#3249209375
1!
#3249313375
0!
#3250233375
1!
#3250337375
0!
#3251257375
1!
#3251361375
0!
#3252281375
1!
#3252385375
0!
#3253305375
1!
#3253409375
0!
#3254329375
1!
#3254433375
0!
#3255353375
1!
#3255457375
0!
#3256377375
1!
#3256481375
0!
#3257401375
1!
#3257505375
0!
#3258425375
1!
#3258529375
0!
#3259449375
1!
#3259553375
0!
#3260473375
1!
#3260577375
0!
#3261497375
1!
#3261601375
0!
#3262521375
1!
#3262625375
0!
#3263545375
1!
#3263649375
0!
#3264569375
1!
#3264673375
0!
#3265593375
1!
#3265697375
0!
#3266617375
1!
#3266721375
0!
#3267641375
1!
#3267745375
0!
#3268665375
1!
#3268769375
0!
#3269689375
1!
#3269793375
0!
#3270713375
1!
#3270817375
0!
#3271737375
1!
#3271841375
0!
#3272761375
1!
#3272865375
0!
#3273785375
1!
#3273889375
0!
#3274809375
1!
#3274913375
0!
#3275833375
1!
#3275937375
0!
#3276857375
1!
#3276961375
0!
#3277881375
1!
#3277985375
0!
#3278905375
1!
#3279009375
0!
#3279929375
1!
#3280033375
0!
#3280953375
1!
#3281057375
0!
#3281977375
1!
#3282081375
0!
#3283001375
1!
#3283105375
0!
#3284025375
1!
#3284129375
0!
#3285049375
1!
#3285153375
0!
#3286073375
1!
#3286177375
0!
#3287097375
1!
#3287201375
0!
#3288121375
1!
#3288225375
0!
#3289145375
1!
#3289249375
0!
#3290169375
1!
#3290273375
0!
#3291193375
1!
#3291297375
0!
#3292217375
1!
#3292321375
0!
#3293241375
1!
#3293345375
0!
#3294265375
1!
#3294369375
0!
#3295289375
1!
#3295393375
0!
#3296313375
1!
#3296417375
0!
#3297337375
1!
#3297441375
0!
#3298361375
1!
#3298465375
0!
#3299385375
1!
#3299489375
0!
#3300409375
1!
#3300513375
0!
#3301433375
1!
#3301537375
0!
#3302457375
1!
#3302561375
0!
#3303481375
1!
#3303585375
0!
#3304505375
1!
#3304609375
0!
#3305529375
1!
#3305633375
0!
#3306553375
1!
#3306657375
0!
#3307577375
1!
#3307681375
0!
#3308601375
1!
#3308705375
0!
#3309625375
1!
#3309729375
0!
#3310649375
1!
#3310753375
0!
#3311673375
1!
#3311777375
0!
#3312697375
1!
#3312801375
0!
#3313721375
1!
#3313825375
0!
#3314745375
1!
#3314849375
0!
#3315769375
1!
#3315873375
0!
#3316793375
1!
#3316897375
0!
#3317817375
1!
#3317921375
0!
#3318841375
1!
#3318945375
0!
#3319865375
1!
#3319969375
0!
#3320889375
1!
#3320993375
0!
#3321913375
1!
#3322017375
0!
#3322937375
1!
#3323041375
0!
#3323961375
1!
#3324065375
0!
#3324985375
1!
#3325089375
0!
#3326009375
1!
#3326113375
0!
#3327033375
1!
#3327137375
0!
#3328057375
1!
#3328161375
0!
#3329081375
1!
#3329185375
0!
#3330105375
1!
#3330209375
0!
#3331129375
1!
#3331233375
0!
#3332153375
1!
#3332257375
0!
#3333177375
1!
#3333281375
0!
#3334201375
1!
#3334305375
0!
#3335225375
1!
#3335329375
0!
#3336249375
1!
#3336353375
0!
#3337273375
1!
#3337377375
0!
#3338297375
1!
#3338401375
0!
#3339321375
1!
#3339425375
0!
#3340345375
1!
#3340449375
0!
#3341369375
1!
#3341473375
0!
#3342393375
1!
#3342497375
0!
#3343417375
1!
#3343521375
0!
#3344441375
1!
#3344545375
0!
#3345465375
1!
#3345569375
0!
#3346489375
1!
#3346593375
0!
#3347513375
1!
#3347617375
0!
#3348537375
1!
#3348641375
0!
#3349561375
1!
#3349665375
0!
#3350585375
1!
#3350689375
0!
#3351609375
1!
#3351713375
0!
#3352633375
1!
#3352737375
0!
#3353657375
1!
#3353761375
0!
#3354681375
1!
#3354785375
0!
#3355705375
1!
#3355809375
0!
#3356729375
1!
#3356833375
0!
#3357753375
1!
#3357857375
0!
#3358777375
1!
#3358881375
0!
#3359801375
1!
#3359905375
0!
#3360825375
1!
#3360929375
0!
#3361849375
1!
#3361953375
0!
#3362873375
1!
#3362977375
0!
#3363897375
1!
#3364001375
0!
#3364921375
1!
#3365025375
0!
#3365945375
1!
#3366049375
0!
#3366969375
1!
#3367073375
0!
#3367993375
1!
#3368097375
0!
#3369017375
1!
#3369121375
0!
#3370041375
1!
#3370145375
0!
#3371065375
1!
#3371169375
0!
#3372089375
1!
#3372193375
0!
#3373113375
1!
#3373217375
0!
#3374137375
1!
#3374241375
0!
#3375161375
1!
#3375265375
0!
#3376185375
1!
#3376289375
0!
#3377209375
1!
#3377313375
0!
#3378233375
1!
#3378337375
0!
#3379257375
1!
#3379361375
0!
#3380281375
1!
#3380385375
0!
#3381305375
1!
#3381409375
0!
#3382329375
1!
#3382433375
0!
#3383353375
1!
#3383457375
0!
#3384377375
1!
#3384481375
0!
#3385401375
1!
#3385505375
0!
#3386425375
1!
#3386529375
0!
#3387449375
1!
#3387553375
0!
#3388473375
1!
#3388577375
0!
#3389497375
1!
#3389601375
0!
#3390521375
1!
#3390625375
0!
#3391545375
1!
#3391649375
0!
#3392569375
1!
#3392673375
0!
#3393593375
1!
#3393697375
0!
#3394617375
1!
#3394721375
0!
#3395641375
1!
#3395745375
0!
#3396665375
1!
#3396769375
0!
#3397689375
1!
#3397793375
0!
#3398713375
1!
#3398817375
0!
#3399737375
1!
#3399841375
0!
#3400761375
1!
#3400865375
0!
#3401785375
1!
#3401889375
0!
#3402809375
1!
#3402913375
0!
#3403833375
1!
#3403937375
0!
#3404857375
1!
#3404961375
0!
#3405881375
1!
#3405985375
0!
#3406905375
1!
#3407009375
0!
#3407929375
1!
#3408033375
0!
#3408953375
1!
#3409057375
0!
#3409977375
1!
#3410081375
0!
#3411001375
1!
#3411105375
0!
#3412025375
1!
#3412129375
0!
#3413049375
1!
#3413153375
0!
#3414073375
1!
#3414177375
0!
#3415097375
1!
#3415201375
0!
#3416121375
1!
#3416225375
0!
#3417145375
1!
#3417249375
0!
#3418169375
1!
#3418273375
0!
#3419193375
1!
#3419297375
0!
#3420217375
1!
#3420321375
0!
#3421241375
1!
#3421345375
0!
#3422265375
1!
#3422369375
0!
#3423289375
1!
#3423393375
0!
#3424313375
1!
#3424417375
0!
#3425337375
1!
#3425441375
0!
#3426361375
1!
#3426465375
0!
#3427385375
1!
#3427489375
0!
#3428409375
1!
#3428513375
0!
#3429433375
1!
#3429537375
0!
#3430457375
1!
#3430561375
0!
#3431481375
1!
#3431585375
0!
#3432505375
1!
#3432609375
0!
#3433529375
1!
#3433633375
0!
#3434553375
1!
#3434657375
0!
#3435577375
1!
#3435681375
0!
#3436601375
1!
#3436705375
0!
#3437625375
1!
#3437729375
0!
#3438649375
1!
#3438753375
0!
#3439673375
1!
#3439777375
0!
#3440697375
1!
#3440801375
0!
#3441721375
1!
#3441825375
0!
#3442745375
1!
#3442849375
0!
#3443769375
1!
#3443873375
0!
#3444793375
1!
#3444897375
0!
#3445817375
1!
#3445921375
0!
#3446841375
1!
#3446945375
0!
#3447865375
1!
#3447969375
0!
#3448889375
1!
#3448993375
0!
#3449913375
1!
#3450017375
0!
#3450937375
1!
#3451041375
0!
#3451961375
1!
#3452065375
0!
#3452985375
1!
#3453089375
0!
#3454009375
1!
#3454113375
0!
#3455033375
1!
#3455137375
0!
#3456057375
1!
#3456161375
0!
#3457081375
1!
#3457185375
0!
#3458105375
1!
#3458209375
0!
#3459129375
1!
#3459233375
0!
#3460153375
1!
#3460257375
0!
#3461177375
1!
#3461281375
0!
#3462201375
1!
#3462305375
0!
#3463225375
1!
#3463329375
0!
#3464249375
1!
#3464353375
0!
#3465273375
1!
#3465377375
0!
#3466297375
1!
#3466401375
0!
#3467321375
1!
#3467425375
0!
#3468345375
1!
#3468449375
0!
#3469369375
1!
#3469473375
0!
#3470393375
1!
#3470497375
0!
#3471417375
1!
#3471521375
0!
#3472441375
1!
#3472545375
0!
#3473465375
1!
#3473569375
0!
#3474489375
1!
#3474593375
0!
#3475513375
1!
#3475617375
0!
#3476537375
1!
#3476641375
0!
#3477561375
1!
#3477665375
0!
#3478585375
1!
#3478689375
0!
#3479609375
1!
#3479713375
0!
#3480633375
1!
#3480737375
0!
#3481657375
1!
#3481761375
0!
#3482681375
1!
#3482785375
0!
#3483705375
1!
#3483809375
0!
#3484729375
1!
#3484833375
0!
#3485753375
1!
#3485857375
0!
#3486777375
1!
#3486881375
0!
#3487801375
1!
#3487905375
0!
#3488825375
1!
#3488929375
0!
#3489849375
1!
#3489953375
0!
#3490873375
1!
#3490977375
0!
#3491897375
1!
#3492001375
0!
#3492921375
1!
#3493025375
0!
#3493945375
1!
#3494049375
0!
#3494969375
1!
#3495073375
0!
#3495993375
1!
#3496097375
0!
#3497017375
1!
#3497121375
0!
#3498041375
1!
#3498145375
0!
#3499065375
1!
#3499169375
0!
#3500089375
1!
#3500193375
0!
#3501113375
1!
#3501217375
0!
#3502137375
1!
#3502241375
0!
#3503161375
1!
#3503265375
0!
#3504185375
1!
#3504289375
0!
#3505209375
1!
#3505313375
0!
#3506233375
1!
#3506337375
0!
#3507257375
1!
#3507361375
0!
#3508281375
1!
#3508385375
0!
#3509305375
1!
#3509409375
0!
#3510329375
1!
#3510433375
0!
#3511353375
1!
#3511457375
0!
#3512377375
1!
#3512481375
0!
#3513401375
1!
#3513505375
0!
#3514425375
1!
#3514529375
0!
#3515449375
1!
#3515553375
0!
#3516473375
1!
#3516577375
0!
#3517497375
1!
#3517601375
0!
#3518521375
1!
#3518625375
0!
#3519545375
1!
#3519649375
0!
#3520569375
1!
#3520673375
0!
#3521593375
1!
#3521697375
0!
#3522617375
1!
#3522721375
0!
#3523641375
1!
#3523745375
0!
#3524665375
1!
#3524769375
0!
#3525689375
1!
#3525793375
0!
#3526713375
1!
#3526817375
0!
#3527737375
1!
#3527841375
0!
#3528761375
1!
#3528865375
0!
#3529785375
1!
#3529889375
0!
#3530809375
1!
#3530913375
0!
#3531833375
1!
#3531937375
0!
#3532857375
1!
#3532961375
0!
#3533881375
1!
#3533985375
0!
#3534905375
1!
#3535009375
0!
#3535929375
1!
#3536033375
0!
#3536953375
1!
#3537057375
0!
#3537977375
1!
#3538081375
0!
#3539001375
1!
#3539105375
0!
#3540025375
1!
#3540129375
0!
#3541049375
1!
#3541153375
0!
#3542073375
1!
#3542177375
0!
#3543097375
1!
#3543201375
0!
#3544121375
1!
#3544225375
0!
#3545145375
1!
#3545249375
0!
#3546169375
1!
#3546273375
0!
#3547193375
1!
#3547297375
0!
#3548217375
1!
#3548321375
0!
#3549241375
1!
#3549345375
0!
#3550265375
1!
#3550369375
0!
#3551289375
1!
#3551393375
0!
#3552313375
1!
#3552417375
0!
#3553337375
1!
#3553441375
0!
#3554361375
1!
#3554465375
0!
#3555385375
1!
#3555489375
0!
#3556409375
1!
#3556513375
0!
#3557433375
1!
#3557537375
0!
#3558457375
1!
#3558561375
0!
#3559481375
1!
#3559585375
0!
#3560505375
1!
#3560609375
0!
#3561529375
1!
#3561633375
0!
#3562553375
1!
#3562657375
0!
#3563577375
1!
#3563681375
0!
#3564601375
1!
#3564705375
0!
#3565625375
1!
#3565729375
0!
#3566649375
1!
#3566753375
0!
#3567673375
1!
#3567777375
0!
#3568697375
1!
#3568801375
0!
#3569721375
1!
#3569825375
0!
#3570745375
1!
#3570849375
0!
#3571769375
1!
#3571873375
0!
#3572793375
1!
#3572897375
0!
#3573817375
1!
#3573921375
0!
#3574841375
1!
#3574945375
0!
#3575865375
1!
#3575969375
0!
#3576889375
1!
#3576993375
0!
#3577913375
1!
#3578017375
0!
#3578937375
1!
#3579041375
0!
#3579961375
1!
#3580065375
0!
#3580985375
1!
#3581089375
0!
#3582009375
1!
#3582113375
0!
#3583033375
1!
#3583137375
0!
#3584057375
1!
#3584161375
0!
#3585081375
1!
#3585185375
0!
#3586105375
1!
#3586209375
0!
#3587129375
1!
#3587233375
0!
#3588153375
1!
#3588257375
0!
#3589177375
1!
#3589281375
0!
#3590201375
1!
#3590305375
0!
#3591225375
1!
#3591329375
0!
#3592249375
1!
#3592353375
0!
#3593273375
1!
#3593377375
0!
#3594297375
1!
#3594401375
0!
#3595321375
1!
#3595425375
0!
#3596345375
1!
#3596449375
0!
#3597369375
1!
#3597473375
0!
#3598393375
1!
#3598497375
0!
#3599417375
1!
#3599521375
0!
#3600441375
1!
#3600545375
0!
#3601465375
1!
#3601569375
0!
#3602489375
1!
#3602593375
0!
#3603513375
1!
#3603617375
0!
#3604537375
1!
#3604641375
0!
#3605561375
1!
#3605665375
0!
#3606585375
1!
#3606689375
0!
#3607609375
1!
#3607713375
0!
#3608633375
1!
#3608737375
0!
#3609657375
1!
#3609761375
0!
#3610681375
1!
#3610785375
0!
#3611705375
1!
#3611809375
0!
#3612729375
1!
#3612833375
0!
#3613753375
1!
#3613857375
0!
#3614777375
1!
#3614881375
0!
#3615801375
1!
#3615905375
0!
#3616825375
1!
#3616929375
0!
#3617849375
1!
#3617953375
0!
#3618873375
1!
#3618977375
0!
#3619897375
1!
#3620001375
0!
#3620921375
1!
#3621025375
0!
#3621945375
1!
#3622049375
0!
#3622969375
1!
#3623073375
0!
#3623993375
1!
#3624097375
0!
#3625017375
1!
#3625121375
0!
#3626041375
1!
#3626145375
0!
#3627065375
1!
#3627169375
0!
#3628089375
1!
#3628193375
0!
#3629113375
1!
#3629217375
0!
#3630137375
1!
#3630241375
0!
#3631161375
1!
#3631265375
0!
#3632185375
1!
#3632289375
0!
#3633209375
1!
#3633313375
0!
#3634233375
1!
#3634337375
0!
#3635257375
1!
#3635361375
0!
#3636281375
1!
#3636385375
0!
#3637305375
1!
#3637409375
0!
#3638329375
1!
#3638433375
0!
#3639353375
1!
#3639457375
0!
#3640377375
1!
#3640481375
0!
#3641401375
1!
#3641505375
0!
#3642425375
1!
#3642529375
0!
#3643449375
1!
#3643553375
0!
#3644473375
1!
#3644577375
0!
#3645497375
1!
#3645601375
0!
#3646521375
1!
#3646625375
0!
#3647545375
1!
#3647649375
0!
#3648569375
1!
#3648673375
0!
#3649593375
1!
#3649697375
0!
#3650617375
1!
#3650721375
0!
#3651641375
1!
#3651745375
0!
#3652665375
1!
#3652769375
0!
#3653689375
1!
#3653793375
0!
#3654713375
1!
#3654817375
0!
#3655737375
1!
#3655841375
0!
#3656761375
1!
#3656865375
0!
#3657785375
1!
#3657889375
0!
#3658809375
1!
#3658913375
0!
#3659833375
1!
#3659937375
0!
#3660857375
1!
#3660961375
0!
#3661881375
1!
#3661985375
0!
#3662905375
1!
#3663009375
0!
#3663929375
1!
#3664033375
0!
#3664953375
1!
#3665057375
0!
#3665977375
1!
#3666081375
0!
#3667001375
1!
#3667105375
0!
#3668025375
1!
#3668129375
0!
#3669049375
1!
#3669153375
0!
#3670073375
1!
#3670177375
0!
#3671097375
1!
#3671201375
0!
#3672121375
1!
#3672225375
0!
#3673145375
1!
#3673249375
0!
#3674169375
1!
#3674273375
0!
#3675193375
1!
#3675297375
0!
#3676217375
1!
#3676321375
0!
#3677241375
1!
#3677345375
0!
#3678265375
1!
#3678369375
0!
#3679289375
1!
#3679393375
0!
#3680313375
1!
#3680417375
0!
#3681337375
1!
#3681441375
0!
#3682361375
1!
#3682465375
0!
#3683385375
1!
#3683489375
0!
#3684409375
1!
#3684513375
0!
#3685433375
1!
#3685537375
0!
#3686457375
1!
#3686561375
0!
#3687481375
1!
#3687585375
0!
#3688505375
1!
#3688609375
0!
#3689529375
1!
#3689633375
0!
#3690553375
1!
#3690657375
0!
#3691577375
1!
#3691681375
0!
#3692601375
1!
#3692705375
0!
#3693625375
1!
#3693729375
0!
#3694649375
1!
#3694753375
0!
#3695673375
1!
#3695777375
0!
#3696697375
1!
#3696801375
0!
#3697721375
1!
#3697825375
0!
#3698745375
1!
#3698849375
0!
#3699769375
1!
#3699873375
0!
#3700793375
1!
#3700897375
0!
#3701817375
1!
#3701921375
0!
#3702841375
1!
#3702945375
0!
#3703865375
1!
#3703969375
0!
#3704889375
1!
#3704993375
0!
#3705913375
1!
#3706017375
0!
#3706937375
1!
#3707041375
0!
#3707961375
1!
#3708065375
0!
#3708985375
1!
#3709089375
0!
#3710009375
1!
#3710113375
0!
#3711033375
1!
#3711137375
0!
#3712057375
1!
#3712161375
0!
#3713081375
1!
#3713185375
0!
#3714105375
1!
#3714209375
0!
#3715129375
1!
#3715233375
0!
#3716153375
1!
#3716257375
0!
#3717177375
1!
#3717281375
0!
#3718201375
1!
#3718305375
0!
#3719225375
1!
#3719329375
0!
#3720249375
1!
#3720353375
0!
#3721273375
1!
#3721377375
0!
#3722297375
1!
#3722401375
0!
#3723321375
1!
#3723425375
0!
#3724345375
1!
#3724449375
0!
#3725369375
1!
#3725473375
0!
#3726393375
1!
#3726497375
0!
#3727417375
1!
#3727521375
0!
#3728441375
1!
#3728545375
0!
#3729465375
1!
#3729569375
0!
#3730489375
1!
#3730593375
0!
#3731513375
1!
#3731617375
0!
#3732537375
1!
#3732641375
0!
#3733561375
1!
#3733665375
0!
#3734585375
1!
#3734689375
0!
#3735609375
1!
#3735713375
0!
#3736633375
1!
#3736737375
0!
#3737657375
1!
#3737761375
0!
#3738681375
1!
#3738785375
0!
#3739705375
1!
#3739809375
0!
#3740729375
1!
#3740833375
0!
#3741753375
1!
#3741857375
0!
#3742777375
1!
#3742881375
0!
#3743801375
1!
#3743905375
0!
#3744825375
1!
#3744929375
0!
#3745849375
1!
#3745953375
0!
#3746873375
1!
#3746977375
0!
#3747897375
1!
#3748001375
0!
#3748921375
1!
#3749025375
0!
#3749945375
1!
#3750049375
0!
#3750969375
1!
#3751073375
0!
#3751993375
1!
#3752097375
0!
#3753017375
1!
#3753121375
0!
#3754041375
1!
#3754145375
0!
#3755065375
1!
#3755169375
0!
#3756089375
1!
#3756193375
0!
#3757113375
1!
#3757217375
0!
#3758137375
1!
#3758241375
0!
#3759161375
1!
#3759265375
0!
#3760185375
1!
#3760289375
0!
#3761209375
1!
#3761313375
0!
#3762233375
1!
#3762337375
0!
#3763257375
1!
#3763361375
0!
#3764281375
1!
#3764385375
0!
#3765305375
1!
#3765409375
0!
#3766329375
1!
#3766433375
0!
#3767353375
1!
#3767457375
0!
#3768377375
1!
#3768481375
0!
#3769401375
1!
#3769505375
0!
#3770425375
1!
#3770529375
0!
#3771449375
1!
#3771553375
0!
#3772473375
1!
#3772577375
0!
#3773497375
1!
#3773601375
0!
#3774521375
1!
#3774625375
0!
#3775545375
1!
#3775649375
0!
#3776569375
1!
#3776673375
0!
#3777593375
1!
#3777697375
0!
#3778617375
1!
#3778721375
0!
#3779641375
1!
#3779745375
0!
#3780665375
1!
#3780769375
0!
#3781689375
1!
#3781793375
0!
#3782713375
1!
#3782817375
0!
#3783737375
1!
#3783841375
0!
#3784761375
1!
#3784865375
0!
#3785785375
1!
#3785889375
0!
#3786809375
1!
#3786913375
0!
#3787833375
1!
#3787937375
0!
#3788857375
1!
#3788961375
0!
#3789881375
1!
#3789985375
0!
#3790905375
1!
#3791009375
0!
#3791929375
1!
#3792033375
0!
#3792953375
1!
#3793057375
0!
#3793977375
1!
#3794081375
0!
#3795001375
1!
#3795105375
0!
#3796025375
1!
#3796129375
0!
#3797049375
1!
#3797153375
0!
#3798073375
1!
#3798177375
0!
#3799097375
1!
#3799201375
0!
#3800121375
1!
#3800225375
0!
#3801145375
1!
#3801249375
0!
#3802169375
1!
#3802273375
0!
#3803193375
1!
#3803297375
0!
#3804217375
1!
#3804321375
0!
#3805241375
1!
#3805345375
0!
#3806265375
1!
#3806369375
0!
#3807289375
1!
#3807393375
0!
#3808313375
1!
#3808417375
0!
#3809337375
1!
#3809441375
0!
#3810361375
1!
#3810465375
0!
#3811385375
1!
#3811489375
0!
#3812409375
1!
#3812513375
0!
#3813433375
1!
#3813537375
0!
#3814457375
1!
#3814561375
0!
#3815481375
1!
#3815585375
0!
#3816505375
1!
#3816609375
0!
#3817529375
1!
#3817633375
0!
#3818553375
1!
#3818657375
0!
#3819577375
1!
#3819681375
0!
#3820601375
1!
#3820705375
0!
#3821625375
1!
#3821729375
0!
#3822649375
1!
#3822753375
0!
#3823673375
1!
#3823777375
0!
#3824697375
1!
#3824801375
0!
#3825721375
1!
#3825825375
0!
#3826745375
1!
#3826849375
0!
#3827769375
1!
#3827873375
0!
#3828793375
1!
#3828897375
0!
#3829817375
1!
#3829921375
0!
#3830841375
1!
#3830945375
0!
#3831865375
1!
#3831969375
0!
#3832889375
1!
#3832993375
0!
#3833913375
1!
#3834017375
0!
#3834937375
1!
#3835041375
0!
#3835961375
1!
#3836065375
0!
#3836985375
1!
#3837089375
0!
#3838009375
1!
#3838113375
0!
#3839033375
1!
#3839137375
0!
#3840057375
1!
#3840161375
0!
#3841081375
1!
#3841185375
0!
#3842105375
1!
#3842209375
0!
#3843129375
1!
#3843233375
0!
#3844153375
1!
#3844257375
0!
#3845177375
1!
#3845281375
0!
#3846201375
1!
#3846305375
0!
#3847225375
1!
#3847329375
0!
#3848249375
1!
#3848353375
0!
#3849273375
1!
#3849377375
0!
#3850297375
1!
#3850401375
0!
#3851321375
1!
#3851425375
0!
#3852345375
1!
#3852449375
0!
#3853369375
1!
#3853473375
0!
#3854393375
1!
#3854497375
0!
#3855417375
1!
#3855521375
0!
#3856441375
1!
#3856545375
0!
#3857465375
1!
#3857569375
0!
#3858489375
1!
#3858593375
0!
#3859513375
1!
#3859617375
0!
#3860537375
1!
#3860641375
0!
#3861561375
1!
#3861665375
0!
#3862585375
1!
#3862689375
0!
#3863609375
1!
#3863713375
0!
#3864633375
1!
#3864737375
0!
#3865657375
1!
#3865761375
0!
#3866681375
1!
#3866785375
0!
#3867705375
1!
#3867809375
0!
#3868729375
1!
#3868833375
0!
#3869753375
1!
#3869857375
0!
#3870777375
1!
#3870881375
0!
#3871801375
1!
#3871905375
0!
#3872825375
1!
#3872929375
0!
#3873849375
1!
#3873953375
0!
#3874873375
1!
#3874977375
0!
#3875897375
1!
#3876001375
0!
#3876921375
1!
#3877025375
0!
#3877945375
1!
#3878049375
0!
#3878969375
1!
#3879073375
0!
#3879993375
1!
#3880097375
0!
#3881017375
1!
#3881121375
0!
#3882041375
1!
#3882145375
0!
#3883065375
1!
#3883169375
0!
#3884089375
1!
#3884193375
0!
#3885113375
1!
#3885217375
0!
#3886137375
1!
#3886241375
0!
#3887161375
1!
#3887265375
0!
#3888185375
1!
#3888289375
0!
#3889209375
1!
#3889313375
0!
#3890233375
1!
#3890337375
0!
#3891257375
1!
#3891361375
0!
#3892281375
1!
#3892385375
0!
#3893305375
1!
#3893409375
0!
#3894329375
1!
#3894433375
0!
#3895353375
1!
#3895457375
0!
#3896377375
1!
#3896481375
0!
#3897401375
1!
#3897505375
0!
#3898425375
1!
#3898529375
0!
#3899449375
1!
#3899553375
0!
#3900473375
1!
#3900577375
0!
#3901497375
1!
#3901601375
0!
#3902521375
1!
#3902625375
0!
#3903545375
1!
#3903649375
0!
#3904569375
1!
#3904673375
0!
#3905593375
1!
#3905697375
0!
#3906617375
1!
#3906721375
0!
#3907641375
1!
#3907745375
0!
#3908665375
1!
#3908769375
0!
#3909689375
1!
#3909793375
0!
#3910713375
1!
#3910817375
0!
#3911737375
1!
#3911841375
0!
#3912761375
1!
#3912865375
0!
#3913785375
1!
#3913889375
0!
#3914809375
1!
#3914913375
0!
#3915833375
1!
#3915937375
0!
#3916857375
1!
#3916961375
0!
#3917881375
1!
#3917985375
0!
#3918905375
1!
#3919009375
0!
#3919929375
1!
#3920033375
0!
#3920953375
1!
#3921057375
0!
#3921977375
1!
#3922081375
0!
#3923001375
1!
#3923105375
0!
#3924025375
1!
#3924129375
0!
#3925049375
1!
#3925153375
0!
#3926073375
1!
#3926177375
0!
#3927097375
1!
#3927201375
0!
#3928121375
1!
#3928225375
0!
#3929145375
1!
#3929249375
0!
#3930169375
1!
#3930273375
0!
#3931193375
1!
#3931297375
0!
#3932217375
1!
#3932321375
0!
#3933241375
1!
#3933345375
0!
#3934265375
1!
#3934369375
0!
#3935289375
1!
#3935393375
0!
#3936313375
1!
#3936417375
0!
#3937337375
1!
#3937441375
0!
#3938361375
1!
#3938465375
0!
#3939385375
1!
#3939489375
0!
#3940409375
1!
#3940513375
0!
#3941433375
1!
#3941537375
0!
#3942457375
1!
#3942561375
0!
#3943481375
1!
#3943585375
0!
#3944505375
1!
#3944609375
0!
#3945529375
1!
#3945633375
0!
#3946553375
1!
#3946657375
0!
#3947577375
1!
#3947681375
0!
#3948601375
1!
#3948705375
0!
#3949625375
1!
#3949729375
0!
#3950649375
1!
#3950753375
0!
#3951673375
1!
#3951777375
0!
#3952697375
1!
#3952801375
0!
#3953721375
1!
#3953825375
0!
#3954745375
1!
#3954849375
0!
#3955769375
1!
#3955873375
0!
#3956793375
1!
#3956897375
0!
#3957817375
1!
#3957921375
0!
#3958841375
1!
#3958945375
0!
#3959865375
1!
#3959969375
0!
#3960889375
1!
#3960993375
0!
#3961913375
1!
#3962017375
0!
#3962937375
1!
#3963041375
0!
#3963961375
1!
#3964065375
0!
#3964985375
1!
#3965089375
0!
#3966009375
1!
#3966113375
0!
#3967033375
1!
#3967137375
0!
#3968057375
1!
#3968161375
0!
#3969081375
1!
#3969185375
0!
#3970105375
1!
#3970209375
0!
#3971129375
1!
#3971233375
0!
#3972153375
1!
#3972257375
0!
#3973177375
1!
#3973281375
0!
#3974201375
1!
#3974305375
0!
#3975225375
1!
#3975329375
0!
#3976249375
1!
#3976353375
0!
#3977273375
1!
#3977377375
0!
#3978297375
1!
#3978401375
0!
#3979321375
1!
#3979425375
0!
#3980345375
1!
#3980449375
0!
#3981369375
1!
#3981473375
0!
#3982393375
1!
#3982497375
0!
#3983417375
1!
#3983521375
0!
#3984441375
1!
#3984545375
0!
#3985465375
1!
#3985569375
0!
#3986489375
1!
#3986593375
0!
#3987513375
1!
#3987617375
0!
#3988537375
1!
#3988641375
0!
#3989561375
1!
#3989665375
0!
#3990585375
1!
#3990689375
0!
#3991609375
1!
#3991713375
0!
#3992633375
1!
#3992737375
0!
#3993657375
1!
#3993761375
0!
#3994681375
1!
#3994785375
0!
#3995705375
1!
#3995809375
0!
#3996729375
1!
#3996833375
0!
#3997753375
1!
#3997857375
0!
#3998777375
1!
#3998881375
0!
#3999801375
1!
#3999905375
0!
#4000825375
1!
#4000929375
0!
#4001849375
1!
#4001953375
0!
#4002873375
1!
#4002977375
0!
#4003897375
1!
#4004001374
0!
#4004921375
1!
#4005025375
0!
#4005945374
1!
#4006049375
0!
#4006969374
1!
#4007073375
0!
#4007993375
1!
#4008097375
0!
#4009017375
1!
#4009121375
0!
#4010041375
1!
#4010145374
0!
#4011065375
1!
#4011169374
0!
#4012089375
1!
#4012193375
0!
#4013113374
1!
#4013217375
0!
#4014137375
1!
#4014241375
0!
#4015161375
1!
#4015265375
0!
#4016185375
1!
#4016289375
0!
#4017209375
1!
#4017313374
0!
#4018233375
1!
#4018337375
0!
#4019257374
1!
#4019361375
0!
#4020281374
1!
#4020385375
0!
#4021305375
1!
#4021409375
0!
#4022329375
1!
#4022433375
0!
#4023353375
1!
#4023457374
0!
#4024377375
1!
#4024481374
0!
#4025401375
1!
#4025505375
0!
#4026425374
1!
#4026529375
0!
#4027449375
1!
#4027553375
0!
#4028473375
1!
#4028577375
0!
#4029497375
1!
#4029601375
0!
#4030521375
1!
#4030625374
0!
#4031545375
1!
#4031649374
0!
#4032569374
1!
#4032673375
0!
#4033593374
1!
#4033697375
0!
#4034617375
1!
#4034721375
0!
#4035641375
1!
#4035745375
0!
#4036665375
1!
#4036769375
0!
#4037689375
1!
#4037793374
0!
#4038713375
1!
#4038817375
0!
#4039737374
1!
#4039841375
0!
#4040761375
1!
#4040865375
0!
#4041785375
1!
#4041889375
0!
#4042809375
1!
#4042913375
0!
#4043833375
1!
#4043937374
0!
#4044857375
1!
#4044961374
0!
#4045881374
1!
#4045985375
0!
#4046905374
1!
#4047009375
0!
#4047929375
1!
#4048033375
0!
#4048953375
1!
#4049057375
0!
#4049977375
1!
#4050081375
0!
#4051001375
1!
#4051105374
0!
#4052025375
1!
#4052129375
0!
#4053049374
1!
#4053153375
0!
#4054073374
1!
#4054177375
0!
#4055097375
1!
#4055201375
0!
#4056121375
1!
#4056225375
0!
#4057145375
1!
#4057249374
0!
#4058169375
1!
#4058273374
0!
#4059193375
1!
#4059297375
0!
#4060217374
1!
#4060321375
0!
#4061241375
1!
#4061345375
0!
#4062265375
1!
#4062369375
0!
#4063289375
1!
#4063393375
0!
#4064313375
1!
#4064417374
0!
#4065337375
1!
#4065441375
0!
#4066361374
1!
#4066465375
0!
#4067385374
1!
#4067489375
0!
#4068409375
1!
#4068513375
0!
#4069433375
1!
#4069537375
0!
#4070457375
1!
#4070561374
0!
#4071481375
1!
#4071585374
0!
#4072505375
1!
#4072609375
0!
#4073529374
1!
#4073633375
0!
#4074553375
1!
#4074657375
0!
#4075577375
1!
#4075681375
0!
#4076601375
1!
#4076705375
0!
#4077625375
1!
#4077729374
0!
#4078649375
1!
#4078753375
0!
#4079673374
1!
#4079777375
0!
#4080697374
1!
#4080801375
0!
#4081721375
1!
#4081825375
0!
#4082745375
1!
#4082849375
0!
#4083769375
1!
#4083873374
0!
#4084793375
1!
#4084897374
0!
#4085817375
1!
#4085921375
0!
#4086841374
1!
#4086945375
0!
#4087865375
1!
#4087969375
0!
#4088889375
1!
#4088993375
0!
#4089913375
1!
#4090017375
0!
#4090937375
1!
#4091041374
0!
#4091961375
1!
#4092065375
0!
#4092985374
1!
#4093089375
0!
#4094009374
1!
#4094113375
0!
#4095033375
1!
#4095137375
0!
#4096057375
1!
#4096161375
0!
#4097081375
1!
#4097185374
0!
#4098105375
1!
#4098209374
0!
#4099129375
1!
#4099233375
0!
#4100153374
1!
#4100257375
0!
#4101177375
1!
#4101281375
0!
#4102201375
1!
#4102305375
0!
#4103225375
1!
#4103329375
0!
#4104249375
1!
#4104353374
0!
#4105273375
1!
#4105377375
0!
#4106297374
1!
#4106401375
0!
#4107321374
1!
#4107425375
0!
#4108345375
1!
#4108449375
0!
#4109369375
1!
#4109473375
0!
#4110393375
1!
#4110497374
0!
#4111417375
1!
#4111521374
0!
#4112441375
1!
#4112545375
0!
#4113465374
1!
#4113569375
0!
#4114489375
1!
#4114593375
0!
#4115513375
1!
#4115617375
0!
#4116537375
1!
#4116641375
0!
#4117561375
1!
#4117665374
0!
#4118585375
1!
#4118689375
0!
#4119609374
1!
#4119713375
0!
#4120633374
1!
#4120737375
0!
#4121657375
1!
#4121761375
0!
#4122681375
1!
#4122785375
0!
#4123705375
1!
#4123809375
0!
#4124729375
1!
#4124833374
0!
#4125753375
1!
#4125857375
0!
#4126777374
1!
#4126881375
0!
#4127801375
1!
#4127905375
0!
#4128825375
1!
#4128929375
0!
#4129849375
1!
#4129953375
0!
#4130873375
1!
#4130977374
0!
#4131897375
1!
#4132001374
0!
#4132921374
1!
#4133025375
0!
#4133945374
1!
#4134049375
0!
#4134969375
1!
#4135073375
0!
#4135993375
1!
#4136097375
0!
#4137017375
1!
#4137121375
0!
#4138041375
1!
#4138145374
0!
#4139065375
1!
#4139169375
0!
#4140089374
1!
#4140193375
0!
#4141113375
1!
#4141217375
0!
#4142137375
1!
#4142241375
0!
#4143161375
1!
#4143265375
0!
#4144185375
1!
#4144289374
0!
#4145209375
1!
#4145313374
0!
#4146233375
1!
#4146337375
0!
#4147257374
1!
#4147361375
0!
#4148281375
1!
#4148385375
0!
#4149305375
1!
#4149409375
0!
#4150329375
1!
#4150433375
0!
#4151353375
1!
#4151457374
0!
#4152377375
1!
#4152481375
0!
#4153401374
1!
#4153505375
0!
#4154425374
1!
#4154529375
0!
#4155449375
1!
#4155553375
0!
#4156473375
1!
#4156577375
0!
#4157497375
1!
#4157601374
0!
#4158521375
1!
#4158625374
0!
#4159545375
1!
#4159649375
0!
#4160569374
1!
#4160673375
0!
#4161593375
1!
#4161697375
0!
#4162617375
1!
#4162721375
0!
#4163641375
1!
#4163745375
0!
#4164665375
1!
#4164769374
0!
#4165689375
1!
#4165793375
0!
#4166713374
1!
#4166817375
0!
#4167317062
1"
#4167737374
1!
#4168249375
0!
#4168761375
1!
#4169273375
0!
#4169785375
1!
#4170297374
0!
#4170809375
1!
#4171321375
0!
#4171833375
1!
#4172345375
0!
#4172857375
1!
#4173369375
0!
#4173881374
1!
#4174393375
0!
#4174905375
1!
#4175417375
0!
#4175929375
1!
#4176441374
0!
#4176953375
1!
#4177465374
0!
#4177977375
1!
#4178489375
0!
#4179001375
1!
#4179513375
0!
#4180025374
1!
#4180537375
0!
#4181049374
1!
#4181561375
0!
#4182073375
1!
#4182585375
0!
#4183097375
1!
#4183609374
0!
#4184121375
1!
#4184633375
0!
#4185145375
1!
#4185657375
0!
#4186169375
1!
#4186681375
0!
#4187193374
1!
#4187705375
0!
#4188217375
1!
#4188729375
0!
#4189241375
1!
#4189753374
0!
#4190265375
1!
#4190777374
0!
#4191289375
1!
#4191801375
0!
#4192313375
1!
#4192825375
0!
#4193337374
1!
#4193849375
0!
#4194361374
1!
#4194873375
0!
#4195385375
1!
#4195897375
0!
#4196409375
1!
#4196921374
0!
#4197433375
1!
#4197945374
0!
#4198457375
1!
#4198969375
0!
#4199481375
1!
#4199993375
0!
#4200505374
1!
#4201017375
0!
#4201529375
1!
#4202041375
0!
#4202553375
1!
#4203065375
0!
#4203577375
1!
#4204089374
0!
#4204601375
1!
#4205113375
0!
#4205625375
1!
#4206137375
0!
#4206649374
1!
#4207161375
0!
#4207673374
1!
#4208185375
0!
#4208697375
1!
#4209209375
0!
#4209721375
1!
#4210233374
0!
#4210745375
1!
#4211257374
0!
#4211769375
1!
#4212281375
0!
#4212793375
1!
#4213305375
0!
#4213817374
1!
#4214329375
0!
#4214841375
1!
#4215353375
0!
#4215865375
1!
#4216377375
0!
#4216889375
1!
#4217401374
0!
#4217913375
1!
#4218425375
0!
#4218937375
1!
#4219449375
0!
#4219961374
1!
#4220473375
0!
#4220985374
1!
#4221497375
0!
#4222009375
1!
#4222521375
0!
#4223033375
1!
#4223545374
0!
#4224057375
1!
#4224569374
0!
#4225081375
1!
#4225593375
0!
#4226105375
1!
#4226617375
0!
#4227129374
1!
#4227641375
0!
#4228153375
1!
#4228665375
0!
#4229177375
1!
#4229689375
0!
#4230201375
1!
#4230713374
0!
#4231225375
1!
#4231737375
0!
#4232249375
1!
#4232761375
0!
#4233273374
1!
#4233785375
0!
#4234297374
1!
#4234809375
0!
#4235321375
1!
#4235833375
0!
#4236345375
1!
#4236857374
0!
#4237369375
1!
#4237881374
0!
#4238393375
1!
#4238905375
0!
#4239417375
1!
#4239929375
0!
#4240441374
1!
#4240953375
0!
#4241465374
1!
#4241977375
0!
#4242489375
1!
#4243001375
0!
#4243513375
1!
#4244025374
0!
#4244537375
1!
#4245049375
0!
#4245561375
1!
#4246073375
0!
#4246585375
1!
#4247097375
0!
#4247609374
1!
#4248121375
0!
#4248633375
1!
#4249145375
0!
#4249657375
1!
#4250169374
0!
#4250681375
1!
#4251193374
0!
#4251705375
1!
#4252217375
0!
#4252729375
1!
#4253241375
0!
#4253753374
1!
#4254265375
0!
#4254777374
1!
#4255289375
0!
#4255801375
1!
#4256313375
0!
#4256825375
1!
#4257337374
0!
#4257849375
1!
#4258361375
0!
#4258873375
1!
#4259385375
0!
#4259897375
1!
#4260409375
0!
#4260921374
1!
#4261433375
0!
#4261945375
1!
#4262457375
0!
#4262969375
1!
#4263481374
0!
#4263993375
1!
#4264505374
0!
#4265017375
1!
#4265529375
0!
#4266041375
1!
#4266553375
0!
#4267065374
1!
#4267577375
0!
#4268089374
1!
#4268601375
0!
#4269113375
1!
#4269625375
0!
#4270137375
1!
#4270649374
0!
#4271161375
1!
#4271673375
0!
#4272185375
1!
#4272697375
0!
#4273209375
1!
#4273721375
0!
#4274233374
1!
#4274745375
0!
#4275257375
1!
#4275769375
0!
#4276281375
1!
#4276793374
0!
#4277305375
1!
#4277817374
0!
#4278329375
1!
#4278841375
0!
#4279353375
1!
#4279865375
0!
#4280377374
1!
#4280889375
0!
#4281401374
1!
#4281913375
0!
#4282425375
1!
#4282937375
0!
#4283449375
1!
#4283961374
0!
#4284473375
1!
#4284985375
0!
#4285497375
1!
#4286009375
0!
#4286521375
1!
#4287033375
0!
#4287545374
1!
#4288057375
0!
#4288569375
1!
#4289081375
0!
#4289593375
1!
#4290105375
0!
#4290617375
1!
#4291129374
0!
#4291641375
1!
#4292153375
0!
#4292665375
1!
#4293177375
0!
#4293689374
1!
#4294201375
0!
#4294713374
1!
#4295225375
0!
#4295737375
1!
#4296249375
0!
#4296761375
1!
#4297273375
0!
#4297785375
1!
#4298297375
0!
#4298809375
1!
#4299321375
0!
#4299833375
1!
#4300345375
0!
#4300857375
1!
#4301369375
0!
#4301881375
1!
#4302393375
0!
#4302905375
1!
#4303417375
0!
#4303929375
1!
#4304441375
0!
#4304953375
1!
#4305465375
0!
#4305977375
1!
#4306489375
0!
#4307001375
1!
#4307513375
0!
#4308025375
1!
#4308537375
0!
#4309049375
1!
#4309561375
0!
#4310073375
1!
#4310585375
0!
#4311097375
1!
#4311609375
0!
#4312121375
1!
#4312633375
0!
#4313145375
1!
#4313657375
0!
#4314169375
1!
#4314681375
0!
#4315193375
1!
#4315705375
0!
#4316217375
1!
#4316729375
0!
#4317241375
1!
#4317753375
0!
#4318265375
1!
#4318777375
0!
#4319289375
1!
#4319801375
0!
#4320313375
1!
#4320825375
0!
#4321337375
1!
#4321849375
0!
#4322361375
1!
#4322873375
0!
#4323385375
1!
#4323897375
0!
#4324409375
1!
#4324921375
0!
#4325433375
1!
#4325945375
0!
#4326457375
1!
#4326969375
0!
#4327481375
1!
#4327993375
0!
#4328505375
1!
#4329017375
0!
#4329529375
1!
#4330041375
0!
#4330553375
1!
#4331065375
0!
#4331577375
1!
#4332089375
0!
#4332601375
1!
#4333113375
0!
#4333625375
1!
#4334137375
0!
#4334649375
1!
#4335161375
0!
#4335673375
1!
#4336185375
0!
#4336697375
1!
#4337209375
0!
#4337721375
1!
#4338233375
0!
#4338745375
1!
#4339257375
0!
#4339769375
1!
#4340281375
0!
#4340793375
1!
#4341305375
0!
#4341817375
1!
#4342329375
0!
#4342841375
1!
#4343353375
0!
#4343865375
1!
#4344377375
0!
#4344889375
1!
#4345401375
0!
#4345913375
1!
#4346425375
0!
#4346937375
1!
#4347449375
0!
#4347961375
1!
#4348473375
0!
#4348985375
1!
#4349497375
0!
#4350009375
1!
#4350521375
0!
#4351033375
1!
#4351545375
0!
#4352057375
1!
#4352569375
0!
#4353081375
1!
#4353593375
0!
#4354105375
1!
#4354617375
0!
#4355129375
1!
#4355641375
0!
#4356153375
1!
#4356665375
0!
#4357177375
1!
#4357689375
0!
#4358201375
1!
#4358713375
0!
#4359225375
1!
#4359737375
0!
#4360249375
1!
#4360761375
0!
#4361273375
1!
#4361785375
0!
#4362297375
1!
#4362809375
0!
#4363321375
1!
#4363833375
0!
#4364345375
1!
#4364857375
0!
#4365369375
1!
#4365881375
0!
#4366393375
1!
#4366905375
0!
#4367417375
1!
#4367929375
0!
#4368441375
1!
#4368953375
0!
#4369465375
1!
#4369977375
0!
#4370489375
1!
#4371001375
0!
#4371513375
1!
#4372025375
0!
#4372537375
1!
#4373049375
0!
#4373561375
1!
#4374073375
0!
#4374585375
1!
#4375097375
0!
#4375609375
1!
#4376121375
0!
#4376633375
1!
#4377145375
0!
#4377657375
1!
#4378169375
0!
#4378681375
1!
#4379193375
0!
#4379705375
1!
#4380217375
0!
#4380729375
1!
#4381241375
0!
#4381753375
1!
#4382265375
0!
#4382777375
1!
#4383289375
0!
#4383801375
1!
#4384313375
0!
#4384825375
1!
#4385337375
0!
#4385849375
1!
#4386361375
0!
#4386873375
1!
#4387385375
0!
#4387897375
1!
#4388409375
0!
#4388921375
1!
#4389433375
0!
#4389945375
1!
#4390457375
0!
#4390969375
1!
#4391481375
0!
#4391993375
1!
#4392505375
0!
#4393017375
1!
#4393529375
0!
#4394041375
1!
#4394553375
0!
#4395065375
1!
#4395577375
0!
#4396089375
1!
#4396601375
0!
#4397113375
1!
#4397625375
0!
#4398137375
1!
#4398649375
0!
#4399161375
1!
#4399673375
0!
#4400185375
1!
#4400697375
0!
#4401209375
1!
#4401721375
0!
#4402233375
1!
#4402745375
0!
#4403257375
1!
#4403769375
0!
#4404281375
1!
#4404793375
0!
#4405305375
1!
#4405817375
0!
#4406329375
1!
#4406841375
0!
#4407353375
1!
#4407865375
0!
#4408377375
1!
#4408889375
0!
#4409401375
1!
#4409913375
0!
#4410425375
1!
#4410937375
0!
#4411449375
1!
#4411961375
0!
#4412473375
1!
#4412985375
0!
#4413497375
1!
#4414009375
0!
#4414521375
1!
#4415033375
0!
#4415545375
1!
#4416057375
0!
#4416569375
1!
#4417081375
0!
#4417593375
1!
#4418105375
0!
#4418617375
1!
#4419129375
0!
#4419641375
1!
#4420153375
0!
#4420665375
1!
#4421177375
0!
#4421689375
1!
#4422201375
0!
#4422713375
1!
#4423225375
0!
#4423737375
1!
#4424249375
0!
#4424761375
1!
#4425273375
0!
#4425785375
1!
#4426297375
0!
#4426809375
1!
#4427321375
0!
#4427833375
1!
#4428345375
0!
#4428857375
1!
#4429369375
0!
#4429881375
1!
#4430393375
0!
#4430905375
1!
#4431417375
0!
#4431929375
1!
#4432441375
0!
#4432953375
1!
#4433465375
0!
#4433977375
1!
#4434489375
0!
#4435001375
1!
#4435513375
0!
#4436025375
1!
#4436537375
0!
#4437049375
1!
#4437561375
0!
#4438073375
1!
#4438585375
0!
#4439097375
1!
#4439609375
0!
#4440121375
1!
#4440633375
0!
#4441145375
1!
#4441657375
0!
#4442169375
1!
#4442681375
0!
#4443193375
1!
#4443705375
0!
#4444217375
1!
#4444729375
0!
#4445241375
1!
#4445753375
0!
#4446265375
1!
#4446777375
0!
#4447289375
1!
#4447801375
0!
#4448313375
1!
#4448825375
0!
#4449337375
1!
#4449849375
0!
#4450361375
1!
#4450873375
0!
#4451385375
1!
#4451897375
0!
#4452409375
1!
#4452921375
0!
#4453433375
1!
#4453945375
0!
#4454457375
1!
#4454969375
0!
#4455481375
1!
#4455993375
0!
#4456505375
1!
#4457017375
0!
#4457529375
1!
#4458041375
0!
#4458553375
1!
#4459065375
0!
#4459577375
1!
#4460089375
0!
#4460601375
1!
#4461113375
0!
#4461625375
1!
#4462137375
0!
#4462649375
1!
#4463161375
0!
#4463673375
1!
#4464185375
0!
#4464697375
1!
#4465209375
0!
#4465721375
1!
#4466233375
0!
#4466745375
1!
#4467257375
0!
#4467769375
1!
#4468281375
0!
#4468793375
1!
#4469305375
0!
#4469817375
1!
#4470329375
0!
#4470841375
1!
#4471353375
0!
#4471865375
1!
#4472377375
0!
#4472889375
1!
#4473401375
0!
#4473913375
1!
#4474425375
0!
#4474937375
1!
#4475449375
0!
#4475961375
1!
#4476473375
0!
#4476985375
1!
#4477497375
0!
#4478009375
1!
#4478521375
0!
#4479033375
1!
#4479545375
0!
#4480057375
1!
#4480569375
0!
#4481081375
1!
#4481593375
0!
#4482105375
1!
#4482617375
0!
#4483129375
1!
#4483641375
0!
#4484153375
1!
#4484665375
0!
#4485177375
1!
#4485689375
0!
#4486201375
1!
#4486713375
0!
#4487225375
1!
#4487737375
0!
#4488249375
1!
#4488761375
0!
#4489273375
1!
#4489785375
0!
#4490297375
1!
#4490809375
0!
#4491321375
1!
#4491833375
0!
#4492345375
1!
#4492857375
0!
#4493369375
1!
#4493881375
0!
#4494393375
1!
#4494905375
0!
#4495417375
1!
#4495929375
0!
#4496441375
1!
#4496953375
0!
#4497465375
1!
#4497977375
0!
#4498489375
1!
#4499001375
0!
#4499513375
1!
#4500025375
0!
#4500537375
1!
#4501049375
0!
#4501561375
1!
#4502073375
0!
#4502585375
1!
#4503097375
0!
#4503609375
1!
#4504121375
0!
#4504633375
1!
#4505145375
0!
#4505657375
1!
#4506169375
0!
#4506681375
1!
#4507193375
0!
#4507705375
1!
#4508217375
0!
#4508729375
1!
#4509241375
0!
#4509753375
1!
#4510265375
0!
#4510777375
1!
#4511289375
0!
#4511801375
1!
#4512313375
0!
#4512825375
1!
#4513337375
0!
#4513849375
1!
#4514361375
0!
#4514873375
1!
#4515385375
0!
#4515897375
1!
#4516409375
0!
#4516921375
1!
#4517433375
0!
#4517945375
1!
#4518457375
0!
#4518969375
1!
#4519481375
0!
#4519993375
1!
#4520505375
0!
#4521017375
1!
#4521529375
0!
#4522041375
1!
#4522553375
0!
#4523065375
1!
#4523577375
0!
#4524089375
1!
#4524601375
0!
#4525113375
1!
#4525625375
0!
#4526137375
1!
#4526649375
0!
#4527161375
1!
#4527673375
0!
#4528185375
1!
#4528697375
0!
#4529209375
1!
#4529721375
0!
#4530233375
1!
#4530745375
0!
#4531257375
1!
#4531769375
0!
#4532281375
1!
#4532793375
0!
#4533305375
1!
#4533817375
0!
#4534329375
1!
#4534841375
0!
#4535353375
1!
#4535865375
0!
#4536377375
1!
#4536889375
0!
#4537401375
1!
#4537913375
0!
#4538425375
1!
#4538937375
0!
#4539449375
1!
#4539961375
0!
#4540473375
1!
#4540985375
0!
#4541497375
1!
#4542009375
0!
#4542521375
1!
#4543033375
0!
#4543545375
1!
#4544057375
0!
#4544569375
1!
#4545081375
0!
#4545593375
1!
#4546105375
0!
#4546617375
1!
#4547129375
0!
#4547641375
1!
#4548153375
0!
#4548665375
1!
#4549177375
0!
#4549689375
1!
#4550201375
0!
#4550713375
1!
#4551225375
0!
#4551737375
1!
#4552249375
0!
#4552761375
1!
#4553273375
0!
#4553785375
1!
#4554297375
0!
#4554809375
1!
#4555321375
0!
#4555833375
1!
#4556345375
0!
#4556857375
1!
#4557369375
0!
#4557881375
1!
#4558393375
0!
#4558905375
1!
#4559417375
0!
#4559929375
1!
#4560441375
0!
#4560953375
1!
#4561465375
0!
#4561977375
1!
#4562489375
0!
#4563001375
1!
#4563513375
0!
#4564025375
1!
#4564537375
0!
#4565049375
1!
#4565561375
0!
#4566073375
1!
#4566585375
0!
#4567097375
1!
#4567609375
0!
#4568121375
1!
#4568633375
0!
#4569145375
1!
#4569657375
0!
#4570169375
1!
#4570681375
0!
#4571193375
1!
#4571705375
0!
#4572217375
1!
#4572729375
0!
#4573241375
1!
#4573753375
0!
#4574265375
1!
#4574777375
0!
#4575289375
1!
#4575801375
0!
#4576313375
1!
#4576825375
0!
#4577337375
1!
#4577849375
0!
#4578361375
1!
#4578873375
0!
#4579385375
1!
#4579897375
0!
#4580409375
1!
#4580921375
0!
#4581433375
1!
#4581945375
0!
#4582457375
1!
#4582969375
0!
#4583481375
1!
#4583993375
0!
#4584505375
1!
#4585017375
0!
#4585529375
1!
#4586041375
0!
#4586553375
1!
#4587065375
0!
#4587577375
1!
#4588089375
0!
#4588601375
1!
#4589113375
0!
#4589625375
1!
#4590137375
0!
#4590649375
1!
#4591161375
0!
#4591673375
1!
#4592185375
0!
#4592697375
1!
#4593209375
0!
#4593721375
1!
#4594233375
0!
#4594745375
1!
#4595257375
0!
#4595769375
1!
#4596281375
0!
#4596793375
1!
#4597305375
0!
#4597817375
1!
#4598329375
0!
#4598841375
1!
#4599353375
0!
#4599865375
1!
#4600377375
0!
#4600889375
1!
#4601401375
0!
#4601913375
1!
#4602425375
0!
#4602937375
1!
#4603449375
0!
#4603961375
1!
#4604473375
0!
#4604985375
1!
#4605497375
0!
#4606009375
1!
#4606521375
0!
#4607033375
1!
#4607545375
0!
#4608057375
1!
#4608569375
0!
#4609081375
1!
#4609593375
0!
#4610105375
1!
#4610617375
0!
#4611129375
1!
#4611641375
0!
#4612153375
1!
#4612665375
0!
#4613177375
1!
#4613689375
0!
#4614201375
1!
#4614713375
0!
#4615225375
1!
#4615737375
0!
#4616249375
1!
#4616761375
0!
#4617273375
1!
#4617785375
0!
#4618297375
1!
#4618809375
0!
#4619321375
1!
#4619833375
0!
#4620345375
1!
#4620857375
0!
#4621369375
1!
#4621881375
0!
#4622393375
1!
#4622905375
0!
#4623417375
1!
#4623929375
0!
#4624441375
1!
#4624953375
0!
#4625465375
1!
#4625977375
0!
#4626489375
1!
#4627001375
0!
#4627513375
1!
#4628025375
0!
#4628537375
1!
#4629049375
0!
#4629561375
1!
#4630073375
0!
#4630585375
1!
#4631097375
0!
#4631609375
1!
#4632121375
0!
#4632633375
1!
#4633145375
0!
#4633657375
1!
#4634169375
0!
#4634681375
1!
#4635193375
0!
#4635705375
1!
#4636217375
0!
#4636729375
1!
#4637241375
0!
#4637753375
1!
#4638265375
0!
#4638777375
1!
#4639289375
0!
#4639801375
1!
#4640313375
0!
#4640825375
1!
#4641337375
0!
#4641849375
1!
#4642361375
0!
#4642873375
1!
#4643385375
0!
#4643897375
1!
#4644409375
0!
#4644921375
1!
#4645433375
0!
#4645945375
1!
#4646457375
0!
#4646969375
1!
#4647481375
0!
#4647993375
1!
#4648505375
0!
#4649017375
1!
#4649529375
0!
#4650041375
1!
#4650553375
0!
#4651065375
1!
#4651577375
0!
#4652089375
1!
#4652601375
0!
#4653113375
1!
#4653625375
0!
#4654137375
1!
#4654649375
0!
#4655161375
1!
#4655673375
0!
#4656185375
1!
#4656697375
0!
#4657209375
1!
#4657721375
0!
#4658233375
1!
#4658745375
0!
#4659257375
1!
#4659769375
0!
#4660281375
1!
#4660793375
0!
#4661305375
1!
#4661817375
0!
#4662329375
1!
#4662841375
0!
#4663353375
1!
#4663865375
0!
#4664377375
1!
#4664889375
0!
#4665401375
1!
#4665913375
0!
#4666425375
1!
#4666937375
0!
#4667449375
1!
#4667961375
0!
#4668473375
1!
#4668985375
0!
#4669497375
1!
#4670009375
0!
#4670521375
1!
#4671033375
0!
#4671545375
1!
#4672057375
0!
#4672569375
1!
#4673081375
0!
#4673593375
1!
#4674105375
0!
#4674617375
1!
#4675129375
0!
#4675641375
1!
#4676153375
0!
#4676665375
1!
#4677177375
0!
#4677689375
1!
#4678201375
0!
#4678713375
1!
#4679225375
0!
#4679737375
1!
#4680249375
0!
#4680761375
1!
#4681273375
0!
#4681785375
1!
#4682297375
0!
#4682809375
1!
#4683321375
0!
#4683833375
1!
#4684345375
0!
#4684857375
1!
#4685369375
0!
#4685881375
1!
#4686393375
0!
#4686905375
1!
#4687417375
0!
#4687929375
1!
#4688441375
0!
#4688953375
1!
#4689465375
0!
#4689977375
1!
#4690489375
0!
#4691001375
1!
#4691513375
0!
#4692025375
1!
#4692537375
0!
#4693049375
1!
#4693561375
0!
#4694073375
1!
#4694585375
0!
#4695097375
1!
#4695609375
0!
#4696121375
1!
#4696633375
0!
#4697145375
1!
#4697657375
0!
#4697675250
0!
#4697675250
0!
